,제목,종목명
0,디스플레이 제조 공정에 필요한 장비를 제조 및 판매하는 기업,미래컴퍼니(049950)
1,코팅용 진공증착장비 전문 개발 및 제조업체,한일진공(123840)
2,프리미엄 라이프스타일 및 문화콘텐츠를 제공하는 휴양플랫폼 기업,아난티(025980)
3,반도체 시장의 훈풍을 타고 외형 성장 중인 반도체 건식 식각장비 제조기업,에이피티씨(089970)
4,신경계질환 및 자가면역질환 줄기세포치료제 개발 기업,코아스템(166480)
5,라이프스타일 중심의 제품 생산 및 유통 업체,더네이쳐홀딩스(298540)
6,"목재 산업을 바탕으로 성장했으며, 현재는 소재, 화학, 오토라이프, 미디어 사업을 영위하는 글로벌 기업",동화기업(025900)
7,LED 조명용 실리콘렌즈 제조기업,아이엘사이언스(307180)
8,끊임없는 도전과 변화로 글로벌 경쟁력을 갖춘대한민국을 대표하는 항공기 설계 및 제조 전문기업,아스트(067390)
9,미래 스마트카 인포테인먼트 기술력을 보유한 기업,모트렉스(118990)
10,"영화 투자 및 배급, 제작 기획을 주요 사업으로 영위 중인 콘텐츠 투자배급사",쇼박스(086980)
11,부산·경남 지역 668만 명의 시청자를 단일방송권으로 보유한 민영방송사업,KNN(058400)
12,석유화학 제품 포장용기인 스틸드럼(Steel Drum) 제조 및 판매기업,엠투엔(033310)
13,지주사로 전환한 이차전지 양극소재 및 친환경 솔루션 제공 기업,에코프로(086520)
14,반도체 장비 부품 세정 및 코팅 기업,코미코(183300)
15,"반도체 및 패널유통, IT솔루션 등 ICT서비스 제공 기업",유니트론텍(142210)
16,글로벌 관 이음쇠류 제조 기업,태광(023160)
17,생명공학 분야 연구기자재 및 과학기술 서비스 공급기업,지더블유바이텍(036180)
18,국내외 글로벌 반도체 기업을 고객사로 확보한 반도체 검사장비 제조기업,네오셈(253590)
19,온라인 게임으로 시장을 선도하는 1세대 게임 개발사,액토즈소프트(052790)
20,"조선, 방산 부품 전문기업에서 자동차 센서분야로 역량 강화",대양전기공업(108380)
21,시스템반도체 설계 및 디자인서비스 리시버 제조 기업,알파홀딩스(117670)
22,다양한 사업 스펙트럼을 보유한 원익 집단 모기업,원익(032940)
23,"엑스레이 영상을 획득하는 엑스레이 디텍터(X-ray Detector)를 설계, 제조 및 판매하는 의료용 장비 제조회사",레이언스(228850)
24,토탈 물류서비스를 구축한 종합물류기업,삼일(032280)
25,반도체 검사 장비 분야 기술 선도 기업,엑시콘(092870)
26,"온라인, 모바일 소셜카지노 게임 개발 및 서비스 업체",미투온(201490)
27,"반도체, 디스플레이, MLCC용 절단 장비 제조 업체",네온테크(306620)
28,철강재 제조 및 판매기업,대동스틸(048470)
29,컴퓨터와 주변기기의 제조 및 판매를 목적으로하는 기업,한국컴퓨터(054040)
30,미디어 광고 및 콘텐츠 판매 영위 기업,아시아경제(127710)
31,화장품 유통 사업과 영화 제작 및 투자 사업 관련 인프라 보유 기업,바른손(018700)
32,자동차 머플러 전문 제조기업,디젠스(113810)
33,글로벌 경영혁신을 선도하는 ERP 플랫폼 전문기업,영림원소프트랩(060850)
34,이차전지 전 타입 공정 장비를 개발 및 제조기업,하나기술(299030)
35,철도차량 및 전력전자산업 관련 차세대 기술 보유 기업,다원시스(068240)
36,플랫폼 다각화를 준비하는 1세대 게임개발기업,엠게임(058630)
37,토탈 패션 사업으로의 확장을 목표하는 주얼리 기반 패션 전문기업,제이에스티나(026040)
38,리튬이차전지 제조장비 생산기업,디에이테크놀로지(196490)
39,디지털 마케팅 역량을 기반으로 하는 비즈니스 부스팅 전문기업,에코마케팅(230360)
40,항만크레인 제어시스템분야 대표기업,서호전기(065710)
41,팝콘티비를 운영하는 1인 미디어 플랫폼 기업,THE E&M(089230)
42,척추 질환 치료용 의료기기 분야 메디컬 전문기업,엘앤케이바이오(156100)
43,치과용 영상진단기기 전문기업,바텍(043150)
44,체외진단 의료기기 전문기업,미코바이오메드(214610)
45,"전용 사료, 표준화된 관리 시스템 등을 바탕으로 고품질 규격돈을 안정적으로 생산하는 양돈업체",우리손에프앤지(073560)
46,한류 콘텐츠 해외 배급 업체,코퍼스코리아(322780)
47,자체 기술력을 바탕으로 인증 및 암호화 솔루션을 제공하는 보안솔루션 개발 업체,케이사인(192250)
48,반도체용 부품 및 소재 전문 개발 및 제조업체,메카로(241770)
49,배열회수보일러 제작 및 발전기자재 제조 기업,비에이치아이(083650)
50,카메라 모듈의 핵심 부품인 엑츄에이터 제조 기업,액트로(290740)
51,정보보안에 필수적인 보안 소프트웨어를 개발 공급하는 기업,지란지교시큐리티(208350)
52,스마트팩토리 솔루션 개발 및 시스템 구축 기업,티라유텍(322180)
53,세계 유일의 올리고핵산치료제 CDMO 전문업체,에스티팜(237690)
54,지방유래 줄기세포를 이용한 희귀 난치병 치료제를 개발 및 판매하는 기업,안트로젠(065660)
55,탈모케어 샴푸 전문기업,TS트릴리온(317240)
56,디지털 프린팅 솔루션 전문 제조업체,디지아이(043360)
57,다수의 스타작가 및 감독을 보유한 드라마 제작업체,에이스토리(241840)
58,정보통신 융합솔루션 제공기업,네이블(153460)
59,국내 알루미늄폼 시장점유율 위 기업,삼목에스폼(018310)
60,시스템 반도체 테스트 기업,아이텍(119830)
61,"번인 소켓, 모듈소켓 등 반도체 검사용 IC 소켓 제조 기업",마이크로컨텍솔(098120)
62,56년 업력의 토목·환경 엔지니어링 기업,유신(054930)
63,폭넓은 광고 네트워크를 보유하고 있는 ㈜KT 산하 미디어렙 기업,나스미디어(089600)
64,부가세 환급 대행업체,글로벌텍스프리(204620)
65,Display용 강화유리 전문 제조업체,육일씨엔에쓰(191410)
66,매출처 다변화와 신사업 진출로 성장하는 금속소재 부품 제조기업,서진시스템(178320)
67,블록체인 기반의 스마트시티 플랫폼 전문기업,시티랩스(139050)
68,디지털 트랜스포메이션을 실현하는 전문 SI 기업,대신정보통신(020180)
69,바이오 의약품 및 의료기기 기반 K-뷰티 전문기업,제테마(216080)
70,경피약물전달시스템을 핵심 기반 기술로 하는 바이오제약 기업,아이큐어(175250)
71,국내 보툴리눔 톡신 제제 의약품 분야 기술 선도 기업,메디톡스(086900)
72,자동차 전장 핵심부품인 차량용 센서 제조 전문기업,트루윈(105550)
73,철도신호 시스템 국산화의 선두주자,대아티아이(045390)
74,국내 전자상거래 솔루션 분야 선도기업,카페24(042000)
75,치과용 임플란트 제조기업,디오(039840)
76,특수차량 부문 국내 상위 기술력 보유 기업,오텍(067170)
77,대구 경북 지역 전체 방송권역 확보 중인 지역민영방송사,티비씨(033830)
78,라이브커머스 관련 토털 지원이 가능한 라이브커머스 리딩기업,버킷스튜디오(066410)
79,"의약품 개발, 제조 및 판매 전문기업",지엘팜텍(204840)
80,국내 건설 폐기물 처리 선두기업,인선이엔티(060150)
81,폐기물 소각 기술 바탕의 폐기물처리 전문기업,와이엔텍(067900)
82,분체이송시스템 글로벌 선도기업,디와이피엔에프(104460)
83,반도체 패키지용 복합소재 전문기업,휘닉스소재(050090)
84,스마트폰 및 웨어러블 기기 핵심 부품 제조 기업,디케이티(290550)
85,SI/NI 사업 분야 전문기업,광무(029480)
86,국내 광전송장비 전문기업,코위버(056360)
87,"대구 지역 기반 골재, 아스콘, 레미콘 생산 기업",보광산업(225530)
88,독창적인 디자인 능력과 유통 경쟁력을 갖춘 패션 골프 선두기업,까스텔바작(308100)
89,스마트워치 터치 IC 시장점유율 전 세계 1위 기업,지니틱스(303030)
90,정보보안솔루션 전문기업,소프트캠프(258790)
91,예술과 IT 접목을 통한 종합엔터테인먼트 그룹,큐브엔터(182360)
92,글로벌 시장을 선도하는 가발용 원사 제조기업,폴라리스우노(114630)
93,굴삭기 어태치먼트 전문기,대모(317850)
94,병행수입 기반 해외 명품 유통 사업 및 메타버스와 블록체인의 신사업 확장 노력,젬백스링크(064800)
95,"식자재 수입, 유통 전문기업",보라티알(250000)
96,글로벌 종합 건축 자재 기업,이건홀딩스(039020)
97,FPCB & Circuit Module 전문기업,이브이첨단소재(131400)
98,바이오마커 기반 신약개발기업,메드팩토(235980)
99,플랜트용 밸브 전문기업,조광ILI(044060)
100,연구개발 중심의 생활용품 원재료 제조 전문기업,KCI(036670)
101,국내 일회용 점안제 생산 1위 기업,삼천당제약(000250)
102,PC 주변기기 및 게이밍기어 전문기업,앱코(129890)
103,유전자 진단 기반기술의 세계적 선도 기업,파나진(046210)
104,"커피사업, 엔터테인먼트, 자원개발 사업 등으로 인류의 행복을 추구하는 기업",큐로홀딩스(051780)
105,폴리에틸렌(PE) 원료 유통 및 산업용 포장재 제조 전문 기업,와이오엠(066430)
106,선박 엔진용 실린더 라이너 전문업체,케이프(064820)
107,터보차저 핵심부품 선도기업,캐스텍코리아(071850)
108,배관사업과 도장사업을 영위하는 조선기자재 전문 기업,동방선기(099410)
109,엔터테인먼트 시장을 리드하는 글로벌 기업,에스엠(041510)
110,인공지능 및 빅데이터 기술 기반 소프트웨어 개발 기업,솔트룩스(304100)
111,다양한 서비스를 제공하는 종합미디어 전문기업,디지틀조선(033130)
112,ICT와 엔지니어링 기술 기반 스마트 팩토리 구축 전문기업,포스코ICT(022100)
113,"CSO, CMO 사업을 기반으로 의약품을 연구개발하는 기업",HLB제약(047920)
114,브랜드 파워를 보유한 의자 전문기업,듀오백(073190)
115,공작기계 부품 전문기업,서암기계공업(100660)
116,글로벌 기업을 고객사로 확보한 산업용 밸브 전문기업,에쎈테크(043340)
117,스마트팩토리 구축기술 기반 비(非)디스플레이 제조장비 사업을 하는 기업,에스에프에이(056190)
118,49년 업력을 보유한 산업용 보일러 업계 1위 기업,부스타(008470)
119,프린터 부품 및 LED 전문 제조 기업,파커스(065690)
120,차세대 에너지 소재 개발 및 제조 전문기업,엘앤에프(066970)
121,나노/첨단소재 전문기업,아모그린텍(125210)
122,서버 시장의 국산화 선두기업,이트론(096040)
123,"전자재료, 이차전지 등 미래 화학 산업을 선도하는 종합화학 기업",천보(278280)
124,"열, 표면처리 및 압출·프레스 금형 제작 전문기업",케이피티유(054410)
125,산업용 수처리 기업으로 발돋움하는 기업,이엔코퍼레이션(066980)
126,혁신 벤처기업에 대한 발굴과 투자를 진행하는 신기술사업금융 전문기업,우리기술투자(041190)
127,소염진통제 분야 브랜드파워 1위 기업,신신제약(002800)
128,원료의약품과 중간체 개발 및 글로벌 CMO 전문기업,KPX생명과학(114450)
129,"IT서비스, 온라인마케팅 등 토탈 IT솔루션 제공 기업",지어소프트(051160)
130,Young Forty 고객을 타깃으로 하는 남성의류 전문 브랜드 기업,에스티오(098660)
131,호남기반의 시멘트 제조 전문 기업,고려시멘트(198440)
132,"블록체인, MMORPG 개발 및 IP 라이선스 전문기업",위메이드(112040)
133,"웹툰과 웹소설을 기획, 제작, 유통하는 CP사",디앤씨미디어(263720)
134,150만 명 이상의 조사패널 인프라를 구축한 마케팅 리서치 기업,엠브레인(169330)
135,계장용 피팅 및 밸브 제조 전문 업체,비엠티(086670)
136,환경오염제어 및 바이오 전문기업,젬백스(082270)
137,풍력발전시장을 선도하는 글로벌 풍력기업,유니슨(018000)
138,자동차와 디스플레이용 PCB 전문기업,현우산업(092300)
139,"휴대폰용 카메라 모듈, 생체 센서, 초소형 전기차 제조 전문기업",캠시스(050110)
140,FPCB 사업분야 확대와 여과기술 토탈솔루션 공급업체,시노펙스(025320)
141,전자파 차폐 소재기업,솔루에타(154040)
142,"카메라·무선충전모듈에서 전장부품, VR/AR 등으로 어플리케이션 확장 중인 FPCB 제조기업",뉴프렉스(085670)
143,빅사이언스 분야 정밀 제어시스템 설계 전문기업,모비스(250060)
144,중소형 물류 운반장비 선도기업,수성이노베이션(072770)
145,"라미네이팅, 화장품 개발 전문기업",브이티지엠피(018290)
146,단말시스템 전문기업,케이씨티(089150)
147,실리콘 러버형 소켓 원천기술 보유 기업,ISC(095340)
148,철강재 운송에 강점을 가진 종합물류업체,유성티엔에스(024800)
149,확장현실(XR) 분야 선도기업,에이트원(230980)
150,데이터베이스 성능관리 솔루션을 제공하는 국내 독보적인 기업,엑셈(205100)
151,셋톱박스 및 게이트웨이 제품 제조 전문기업,휴맥스(115160)
152,"서버/스토리지 관련 컨설팅, 구축, 유지보수 등 종합 IT서비스 기업",율 호(072770)
153,정형외과용 의료기기 제조 전문기업,오스테오닉(226400)
154,디스플레이 검사장비 관련 기술노하우 보유 기업,이엘피(063760)
155,반도체 및 디스플레이용 열처리 장비 개발 및 판매하는 기업,예스티(122640)
156,종합 농업용 기계 전문 제조 기업,아세아텍(050860)
157,과적차량 단속 시스템을 중심으로 한 지능형 교통 시스템 전문기업,에스에이티(060540)
158,연구개발 중심의 신속검사키트 제조 전문기업,휴마시스(205470)
159,소모성 의료기기 개발/제조 전문기업,세운메디칼(100700)
160,체외진단용 전문기업,수젠텍(253840)
161,글로벌 기업으로 성장하는 친환경 자동차 전장부품 제조기업,에코캡(128540)
162,세라믹 비드 제조기업,쎄노텍(222420)
163,"전자, 통신 부품 전문기업",빛샘전자(072950)
164,스마트폰에 이어 5G·전기차 등으로 어플리케이션 확장 중인 FPCB 제조기업,비에이치(090460)
165,OLED 소재 세계 선두기업,덕산네오룩스(213420)
166,정보보호 소프트웨어 개발 및 공급 전문기업,SGA솔루션즈(184230)
167,혁신적인 기술력을 보유한 고품질 자동차 부품 전문기업,아진산업(013310)
168,하이드로겔 마스크팩을 주력으로 하는 화장품 제조업체,제닉(123330)
169,스마트홈 솔루션 선도기업,코맥스(036690)
170,산업용 PDA 개발 및 공급 전문기업,포인트모바일(318020)
171,다양한 사료 제품의 개발 및 고품질의 배합사료 전문기업,한일사료(005860)
172,정보시스템 구축 및 유지보수 등 IT 서비스 전문기업,SGA(049470)
173,"원사, 부직포 가공에 대한 기술력을 보유한 자동차 내장재용 부직포 전문기업",GH신소재(130500)
174,국내 코스닥 유일 건식 진공펌프 전문기업,엘오티베큠(083310)
175,원스톱 턴키 생산이 가능한 시스템 반도체 기업,에이디테크놀로지(200710)
176,"모바일 게임 개발, 퍼블리싱 전문기업",룽투코리아(060240)
177,소재 기술 기반 반도체 웨이퍼 캐리어 제조기업,3S(060310)
178,엔진 밸브 및 형단조 제품 전문기업,케이에스피(073010)
179,화장품 ODM 사업과 화장품 자체 브랜드를 보유하고 있는 기업,아우딘퓨쳐스(227610)
180,무선통신 음향기기 ODM 기업,블루콤(033560)
181,독자적인 펩타이드 기반 플랫폼 기술을 보유한 바이오기업,펩트론(087010)
182,수배전반 제조를 위한 핵심기술을 보유한 전력시스템 구축 기업,서전기전(189860)
183,"원두커피, 인스턴트커피, 커피음료 등의 커피 개발 및 제조, 유통을 주력 사업으로 영위하는 기업",한국맥널티(222980)
184,이중항체 및 ADC를 포함한 치료용항체 연구개발 기술력과 인프라를 기반으로 면역항암제 및 퇴행성 뇌질환 치료제를 개발하는 기업,에이비엘바이오(298380)
185,크롤러 크레인용 및 굴삭기용의 건설 장비 부품을 제조하는 기업,동일금속(109860)
186,자돈사료 및 사료첨가제 제조 업체,이지바이오(353810)
187,교통카드솔루션사업을 주력으로 전개하는 기업,에이텍티앤(224110)
188,ICT 서비스 전문기업,링네트(042500)
189,글로벌 반도체 소재산업을 선도하는 기업,덕산하이메탈(077360)
190,전원부품 및 EMS 제조 기업,서울전자통신(027040)
191,"촬영, VFX, Sound 등 원스톱 솔루션의 종합 영상 제작 업체",덱스터스튜디오(206560)
192,비대면 의료 서비스 출시로 실적 개선이 기대되는 인공지능 의료영상진단 기술 기업,제이엘케이(322510)
193,독보적인 기술력과 생산력을 기반으로 한 전자재료 선도기업,동진쎄미켐(005290)
194,집단지성을 활용한 번역 플랫폼 및 AI 학습용 언어 데이터를 공급하는 기업,플리토(300080)
195,"선재류, 철강재, 밸브류, 피팅류 제조 및 유통기업",한국선재(025550)
196,카메라 모듈 및 휴대폰용 부품 제조 기업,파트론(091700)
197,패션에 대한 노하우를 기반으로 트렌드를 선도하는 토털패션 전문기업,형지I&C(011080)
198,"스마트카드를 제조하고, 카드 결제 플랫폼을 제공하는 기업",코나아이(052400)
199,상용차 시트 및 내장제품 전문 기업,이원컴포텍(088290)
200,첨단 디지털 기술을 제공하는 SoC 설계 전문 기업,다믈멀티미디어(093640)
201,농산물의 안전한 생산과 품질 향상을 위한 농업자재 개발 및 제조 전문기업,대유(290380)
202,4차산업 기술기반의 디지털 전환을 리딩하는 기업,나무기술(242040)
203,안면 미용 시장 선도기업,휴젤(145020)
204,제대혈유래 줄기세포를 이용한 난치병 치료제를 개발 및 판매하는 재생의료 기업,메디포스트(078160)
205,친환경 발전설비 선도기업,지엔씨에너지(119850)
206,글로벌 식자재 유통업 및 푸드서비스 전문기업,CJ프레시웨이(051500)
207,서비스 로봇 시대를 선도하는 자율주행 로봇 플랫폼 기업,로보티즈(108490)
208,지능형 차량용 반도체 팹리스 핵심기술 선도기업,텔레칩스(054450)
209,"감염관리, 비임상 CRO 및 신약개발 플랫폼 기업",우정바이오(215380)
210,머신비전 기반 디스플레이 및 2차전지 검사장비 전문기업,브이원텍(251630)
211,고성능 디스플레이 검사장비 개발 및 제조 기업,HB테크놀러지(078150)
212,국내 최초 PM 타입의 스테핑 모터 제조 전문기업,모아텍(033200)
213,다수의 히트작을 보유한 국내 1세대 모바일 게임사,컴투스(078340)
214,바이오인식 출입통제 및 시스템 시장의 주요 플레이어로 이름을 올리고 있는 글로벌 기업,슈프리마(236200)
215,골프웨어를 전문으로 제조 및 판매하는 기업,크리스에프앤씨(110790)
216,디스플레이 및 자동차 부품 제조 전문 기업,인지디스플레(037330)
217,디스플레이 검사장비 전문기업,영우디에스피(143540)
218,3D 검사장비 개발업체,고영(098460)
219,Energy&Power solution 전문 기업,동양이엔피(079960)
220,"의료정보 사업, 디지털 헬스케어 사업의 선두주자",비트컴퓨터(032850)
221,분자진단서비스 기반 헬스케어의 강자,랩지노믹스(084650)
222,지문등록/인식 기기와 신분증 판독기 등 전자신원확인기기 사업,슈프리마아이디(317770)
223,IT 인프라 환경 구축 역량 기반의 대한민국 데이터 전문기업,한국정보공학(039740)
224,"블록체인 투자, 신사업, 신기술 발굴 등을 주요 사업 으로 하고 있는 기업",네오위즈홀딩스(042420)
225,우수한 합성 및 배합기술로 특화된 첨단소재를 생산하는 전문화학기업,켐트로스(220260)
226,인쇄 회로기판 화학 약품 개발 및 제조업체,와이엠티(251370)
227,끊임없는 변화를 시도하고 있는 의약품 제조 전문 기업,JW신약(067290)
228,세계가 인정하는 글로벌 브랜드 줄자 전문기업,코메론(049430)
229,전자상거래 플랫폼을 통해 외형성장을 지속하고 있는 푸드테크 기업,푸드나무(290720)
230,친환경·고품질 제품 기술을 기반으로 레미콘 및 건자재 분야를 선도하는 기업,유진기업(023410)
231,국내 비임상 CRO 선도 기업,바이오톡스텍(086040)
232,기계/ICT 융복합 하이브리드 기업,스맥(099440)
233,국내 Build-up PCB 시장을 선도하는 HDI PCB 제조 전문기업,디에이피(066900)
234,화장품용 디스펜서 펌프 개발기업,연우(115960)
235,신규제품 출시와 시장성장에 따른 실적개선이 기대되는 광 트랜시버 전문 제조업체,오이솔루션(138080)
236,이동통신 중계기 및 시스템 LED조명 제조 전문기업,에프알텍(073540)
237,해운물류 정보화 기반의 디지털 변화를 선도하는 기업,케이엘넷(039420)
238,PLC 원천기술을 기반으로 한 초고속통신 핵심부품 제조기업,피피아이(062970)
239,생체신호 측정기술 기반의 의료기기 전문업체,메디아나(041920)
240,HMR 등의 즉석조리식품 및 냉동가공식품을 생산하는 기업,우양(103840)
241,다양한 제품군과 프리미엄 브랜딩으로 성장세를 이어가고 있는 기업,매일유업(267980)
242,상품 유통 전문기업,대명소노시즌(007720)
243,물류 인프라 확충을 통한 수상화물 취급 선도기업,선광(003100)
244,교통 인프라 시장 선도 기업,에스트래픽(234300)
245,골프웨어를 전문으로 제조 및 판매하는 기업,크리스에프앤씨(110790)
246,반도체 패키징 및 테스트 기업,하나마이크론(067310)
247,차세대 반도체 장비 제조 전문 기업,피에스케이홀딩스(031980)
248,친환경적인 주거공간과 공공 도시공간을 조성하는 환경환경 전문기업,자연과환경(043910)
249,온라인 종합광고대행 업계 최초 코스닥 상장 기업,이엠넷(123570)
250,"개인, 기업신용정보 등 금융 데이터베이스 솔루션 전문기업",NICE평가정보(030190)
251,"산업단지향 집단에너지 사업, R&E 사업, 고순도 산화동을 위시한 신소재 사업, 발전용 바이오중유 사업 등을 영위하고 있는 중견기업",KG ETS(151860)
252,건설기계 하부주행체 부품 제조 전문기업,흥국(010240)
253,"플랜트, 건설 중장비, 발전소 분야의 감속기 제조 전문기업",우림피티에스(101170)
254,국내 1위 시약 전문 기업,대정화금(120240)
255,"국내 홈 네트워크 시스템, 홈 오토메이션 시장의 선도기업",코콤(015710)
256,"진주광택안료, 알루미늄 페이스트 등 안료 제조 전문기업",씨큐브(101240)
257,스크린골프를 선도하는 데이터 기반 골프시뮬레이터 개발기업,골프존(215000)
258,고객이 요구하는 분야의 시험인증 솔루션을 제공하는 기업,디티앤씨(187220)
259,독자적인 신기술 및 제품 차별화를 통한 제관산업 분야 선도기업,대륙제관(004780)
260,"냉, 열연강판 철강제품 가공 전문기업",금강철강(053260)
261,친환경 자동차 공조시스템 부품 글로벌 전문기업,우리산업(215360)
262,반도체 및 디스플레이 제조장비 전문기업,코세스(089890)
263,디스플레이 열처리 장비의 국내 선두기업,비아트론(141000)
264,LCD용 광학 소재 전문업체,코이즈(121850)
265,정밀 금형 및 사출을 통한 부품 제조 전문기업,삼진엘앤디(054090)
266,배전자동화 설비 기반 전력관리 IT 기업,피앤씨테크(237750)
267,"국내외에서 초고층, 주거, 상업, 업무, 병원, 공항 등의 건축설계 및 CM 프로젝트를 수행하고 있는 기업",희림(037440)
268,2021년 대폭적인 매출 증대를 시현한 제3자 물류 기업,태웅로직스(124560)
269,자체 개발 RNA간섭 플랫폼 원천기술 기반 난치성 질환 치료제 개발 전문기업,올릭스(226950)
270,리튬이온배터리 양극재 제조 분야 선도기업,에코프로비엠(247540)
271,국내 유일의 코스닥 시험인증/교정 전문기업,에이치시티(072990)
272,항체신약 및 CAR-T 세포치료제 전문기업,앱클론(174900)
273,자체 플랫폼 기반 난치질병 신약 개발 전문 기업,압타바이오(293780)
274,50년 건설 외길을 걷고 있는 종합건설사,서한(011370)
275,체외진단용 기기 및 의약품 개발 전문기업,녹십자엠에스(142280)
276,국내 ELT 영어교재 전문기업,이퓨쳐(134060)
277,종이문화 발전을 선도하는 기업,국일제지(078130)
278,국내 기업음성통신 통합 솔루션 및 서비스 선도 기업,이씨에스(067010)
279,기술을 넘어 삶의 질을 높이는 기업,파세코(037070)
280,디스플레이 및 반도체용 진공로봇 전문 업체,티로보틱스(117730)
281,다양한 용도의 카메라 모듈 검사장비 제조기업,이즈미디어(181340)
282,산업용 파스너 및 자동차 부품용 단조품 제조 전문기업,케이피에프(024880)
283,"물류를 중심으로 자동차부품, 금형 등 다양한 사업을 영위하는 기업",SG&G(040610)
284,IT 부품 사업부문의 지속적인 성장 및 시스템 반도체 사업을 주력으로 하는 기업,코아시아(045970)
285,"PVC 제품 및 건축자재 제조, 분양대행, 통신기기 및 장비 용역, LED 및 시스템 조명장치 제조업",중앙디앤엠(051980)
286,고품질 원료의약품 제조 전문기업,화일약품(061250)
287,네트워크 장비 개발업체,유비쿼스(264450)
288,교육콘텐츠와 에듀테크 중심의 교육 플랫폼 선도기업,NE능률(053290)
289,수직계열화 기반 골판지(원지) 제조 전문 기업,대림제지(017650)
290,박테리오파지 및 엔도리신 개발 분야의 세계적 선도기업,인트론바이오(048530)
291,"리모컨, IoT 등 스마트 홈 관련 전자부품 제조 전문기업",삼진(032750)
292,다양한 용도의 카메라 모듈 검사장비 제조기업,이즈미디어(181340)
293,산업용 파스너 및 자동차 부품용 단조품 제조 전문기업,케이피에프(024880)
294,"물류를 중심으로 자동차부품, 금형 등 다양한 사업을 영위하는 기업",SG&G(040610)
295,IT 부품 사업부문의 지속적인 성장 및 시스템 반도체 사업을 주력으로 하는 기업,코아시아(045970)
296,"PVC 제품 및 건축자재 제조, 분양대행, 통신기기 및 장비 용역, LED 및 시스템 조명장치 제조업",중앙디앤엠(051980)
297,고품질 원료의약품 제조 전문기업,화일약품(061250)
298,네트워크 장비 개발업체,유비쿼스(264450)
299,교육콘텐츠와 에듀테크 중심의 교육 플랫폼 선도기업,NE능률(053290)
300,수직계열화 기반 골판지(원지) 제조 전문 기업,대림제지(017650)
301,박테리오파지 및 엔도리신 개발 분야의 세계적 선도기업,인트론바이오(048530)
302,"리모컨, IoT 등 스마트 홈 관련 전자부품 제조 전문기업",삼진(032750)
303,"사료부터 양돈 사육과 도축, 분뇨자원화까지 수행하는 축산기업",팜스토리(027710)
304,"연구용 실험 장비 종합 유통, 제조, 서비스 기업",대한과학(131220)
305,자동차 부품 국산화 및 계열화 전문공장으로 지정된 국내 최초 정밀단조기업,한일단조(024740)
306,다양한 이커머스 특화 솔루션 기반 세분화된 플랫폼을 공급하는 기업,코리아센터(290510)
307,"본딩와이어, 솔더볼 등의 반도체 패키징 소재 선도기업",엠케이전자(033160)
308,반도체 및 디스플레이 분야에 장비를 공급해온 장비 제조기업,에스티아이(039440)
309,모바일 게임 개발 및 서비스 전문기업,컴투스홀딩스(063080)
310,영구자석을 이용한 응용자석 전문기업,노바텍(285490)
311,"건설업, 전기/통신/소방, 사업시행 등 여러 비즈니스를 기반으로 종합적인 부동산 개발을 선도하는 기업",상지카일룸(042940)
312,"사료부터 양돈 사육과 도축, 분뇨자원화까지 수행하는 축산기업",팜스토리(027710)
313,"연구용 실험 장비 종합 유통, 제조, 서비스 기업",대한과학(131220)
314,자동차 부품 국산화 및 계열화 전문공장으로 지정된 국내 최초 정밀단조기업,한일단조(024740)
315,다양한 이커머스 특화 솔루션 기반 세분화된 플랫폼을 공급하는 기업,코리아센터(290510)
316,"본딩와이어, 솔더볼 등의 반도체 패키징 소재 선도기업",엠케이전자(033160)
317,반도체 및 디스플레이 분야에 장비를 공급해온 장비 제조기업,에스티아이(039440)
318,모바일 게임 개발 및 서비스 전문기업,컴투스홀딩스(063080)
319,영구자석을 이용한 응용자석 전문기업,노바텍(285490)
320,"건설업, 전기/통신/소방, 사업시행 등 여러 비즈니스를 기반으로 종합적인 부동산 개발을 선도하는 기업",상지카일룸(042940)
321,광고 대행업체에서 SM 그룹의 인지도를 활용하는 종합콘텐츠 개발 업체,SM C&C(048550)
322,M&A 결실에 따른 외형적 성장이 기대되는 네트워크 장비 공급 기업,다산네트웍스(039560)
323,전자 및 화학 소재/부품을 전문으로 개발하는 기업,켐트로닉스(089010)
324,"제약, 의료기기, 화장품, 건강기능식품 사업을 영위하는 토탈 헬스케어 기업",휴온스(243070)
325,전문의약품 제조·판매 전문 제약기업,녹십자웰빙(234690)
326,"스토리지 시스템 관련 H/W, S/W 통합 솔루션 공급 기업",데이타솔루션(263800)
327,폴리우레탄 발포 기술 기반의 자동차 시트 부품 전문 제조기업,현대공업(170030)
328,업계 최다 개별인정형 원료를 승인받은 건강기능식품 개발 및 제조 기업,노바렉스(194700)
329,죽염 종가 자연지향 건강기업,인산가(277410)
330,자동차 차제 부품 제조기업,세동(053060)
331,PG비즈니스 경쟁력 강화 및 신성장 동력을 통해 글로벌 결제 솔루션 기업,KG이니시스(035600)
332,자동차 인포테인먼트 솔루션을 글로벌 자동차업체에 공급하는 기업,모바일어플라이언스(087260)
333,"검사용 소켓, 테스트 등 반도체 검사 관련 종합 솔루션 보유기업",오킨스전자(080580)
334,자동화 모션제어 전문기업,아진엑스텍(059120)
335,반도체 검사장비용 소모품 및 디스플레이 검사장비 제조 기업,티에스이(131290)
336,디스플레이 장비 및 메카트로닉스 관련 정밀 시스템 제조기업,디에스케이(109740)
337,디스플레이 및 반도체 제조장비 부품 전문기업,위지트(036090)
338,건축자재 제작 및 조선용 강재 임가공 기업,제일테크노스(038010)
339,전력전자 설계 및 생산 공정기술 기반의 전원공급장치 제조기업,파워넷(037030)
340,우주산업 분야 핵심기술 보유 기업,AP위성(211270)
341,신용카드 조회 서비스 사업을 국내 최초로 개발하여 금융 결제시장에 진출한 온·오프라인 결제대행 서비스 기업,한국정보통신(025770)
342,다중 면역진단 제품을 통해 글로벌 시장 점유율을 확장 중인 기업,피씨엘(241820)
343,프로바이오틱스 전문기업,쎌바이오텍(049960)
344,독자적인 면역항암제 개발 플랫폼을 보유한 차세대 면역치료제 개발 및 제조기업,유틸렉스(263050)
345,자동차 전장부품 및 친환경차 부품 제조기업,영화테크(265560)
346,카메라 모듈 검사 장비를 개발하고 이와 관련된 소프트웨어 기술을 내재화하여 검사 서비스를 제공하고 있는 기업,하이비젼시스템(126700)
347,전자세금계산서 발급 서비스를 기반으로 한 지능형 비즈니스 플랫폼 기업,비즈니스온(138580)
348,차량용 음성인식 시스템 및 음성 AI를 개발하는 전문기업,미디어젠(279600)
349,"인공지능, 가상현실 기술을 통해 진화하고 있는 음악 서비스 전문 기업",지니뮤직(043610)
350,건설경기 개선과 주택수주 회복에 의한 건설 수요를 대응하는 건축자재 공급기업,홈센타홀딩스(060560)
351,반도체 제조 장비 개발 및 제조 기업,테스(095610)
352,도체장비 제조 및 판매와 반도체설비공사를 주요사업으로 영위하는 업체,한양이엔지(045100)
353,디스플레이 패널 합착기술을 기반으로 한 디스플레이 후공정장비 제조기업,신도기연(290520)
354,다양한 제품 포트폴리오를 보유한 건설기계 전문 기업,현대에버다임(041440)
355,공조용 필터 미디어로 제품군을 확대하여 다양한 산업군에 사용되는 필터를 제조하는 전문 기업,크린앤사이언스(045520)
356,국내 산업 발전과 함께 성장해온 철강제품 제조 전문기업,동일철강(023790)
357,"디스플레이, 반도체 공정용 소재·부품 제조기업",와이엠씨(155650)
358,반도체 제조 관련 테스트 서비스를 제공하는 기업,테스나(131970)
359,의료용 생체재료 및 의료기기 개발 및 제조 전문기업,메타바이오메드(059210)
360,음식료품 OEM 전문기업,푸드웰(005670)
361,애니메이션 기반의 종합엔터테인먼트 기업,대원미디어(048910)
362,반도체 제조 핵심소재 쿼츠웨어 및 세라믹웨어 전문업체,원익QnC(074600)
363,항암면역치료백신 및 COVID-19 백신을 개발하는 바이오 기업,셀리드(299660)
364,"디스플레이 및 반도체 장비, 부품 전문기업",에프엔에스테크(083500)
365,제강공정 산소제거용 알루미늄 탈산제 및 압출용 알루미늄 빌렛 제조기업,피제이메탈(128660)
366,희귀 난치질환 치료제와 면역항암제를 개발 및 생산하는 바이오 기업,이수앱지스(086890)
367,화장품 ODM 및 브랜드 사업을 영위하는 기업,본느(226340)
368,10년 이상의 브랜드 파워를 축적한 스마트폰 액세서리 제조 기업,슈피겐코리아(192440)
369,분자진단 분석 플랫폼 개발을 통해 진단 솔루션을 제공하는 기업,젠큐릭스(229000)
370,줄기세포치료제 개발 전문기업,바이오솔루션(086820)
371,"구강케어 및 뷰티케어 제품, 기타 생활용품 개발 및 제조 기업",케이엠제약(225430)
372,여성캐주얼 의류를 제조 및 유통하는 패션기업,코데즈컴바인(047770)
373,세계 가공업계에서 인정받은 CNC자동선반 전문기업,넥스턴바이오(089140)
374,인류의 먹거리를 책임지는 우리나라 대표 종자기업,농우바이오(054050)
375,통신/레이저/군수용 화합물 반도체 패키지 선도 기업,RF머트리얼즈(327260)
376,소방설비 제작부터 소방시공까지 종합 소방기업,파라텍(033540)
377,디스플레이 검사 장비 및 이차전지 용 레이저 노칭 장비 제조기업,디이엔티(079810)
378,금구류 제조 전문기업,세명전기(017510)
379,39년의 업력을 보유한 종합건설사로 국내 플랜트 건설 전문기업,SGC이테크건설(016250)
380,기술력과 친환경 경영으로 K-뷰티를 선도하는 기업,리더스코스메틱(016100)
381,디스플레이/반도체 공정용 장비/부품 제조기업,케이엔제이(272110)
382,인체조직 가공기술을 보유한 국내 인체조직 이식재 시장 선두 기업,엘앤씨바이오(290650)
383,2차전지 생산 공정에 특화된 공정 자동화 시스템 전문 제조기업,코윈테크(282880)
384,주방기기 제조기업 / 환기청정기 종합 실내공기질 관리기업,하츠(066130)
385,e-Payment 금융 플랫폼을 구축 중인 전자결제 서비스 기업,NHN한국사이버결제(060250)
386,자율주행에 필수적인 ISP 및 AHD 기술을 보유한 반도체 설계기업,앤씨앤(092600)
387,MMORPG 게임을 만드는 글로벌 게임 서비스 기업,펄어비스(263750)
388,폴더블 스마트폰 흥행에 대표적인 수혜 기업,KH바텍(060720)
389,"사료 제조기업, 반려동물 식품 및 가정간편식(HMR) 시장 신규진출로 신성장동력 마련",미래생명자원(218150)
390,친환경 자동차부품 공급 경쟁력 확보,성창오토텍(080470)
391,항체 기술을 대체하는 차세대 바이오 소재인 압타머 분야의 선도 기업,압타머사이언스(291650)
392,초정밀 및 자동차용 커넥터 생산이 가능한 기술 기업,우주일렉트로(065680)
393,스마트 홈러닝 서비스를 통한 에듀테크 선도 기업,아이스크림에듀(289010)
394,신약개발 원천기술 확보를 통한 항체의약품 제조 기업,레고켐바이오(141080)
395,글로벌 위성통신 안테나 시스템 선도 기업,인텔리안테크(189300)
396,세계 최고의 기술력을 보유한 원자현미경 전문기업,파크시스템스(140860)
397,스마트팜 산업의 수직계열화를 달성한 국내 온실 선도기업,그린플러스(186230)
398,"메디컬, 덴탈 영상진단 장비 제조기업",제노레이(122310)
399,"고기능성 및 친환경 합성피혁, 부직포 제조업체",디케이앤디(263020)
400,광통신 인프라 구축에 필요한 장비 전문 제조기업,이노인스트루먼트(215790)
401,"고부가가치 부품, 수동 소자 제조 전문기업",아비코전자(036010)
402,연구개발 및 생산역량 보유한 제약·바이오 기업,지놈앤컴퍼니(314130)
403,클라우드 기반 웹 비즈니스 토탈 솔루션 기업,가비아(079940)
404,다이어트 및 이너뷰티 제품 중심에서 종합 건강기능식품 개발 기업,팜스빌(318010)
405,유전자 진화기술 기반 산업용 특수효소 전문기업,아미코젠(092040)
406,크리에이티브 컨버전스를 실현하는 네트워크 솔루션 기업,엔텔스(069410)
407,전자지급 결제대행 서비스 기업,KG모빌리언스(046440)
408,전방산업의 수요 확산과 미중 무역갈등의 수혜로 안정적으로 성장 중인 비디오 IP 기업,칩스앤미디어(094360)
409,고부가가치 실리콘 고무 제조 전문기업,HRS(036640)
410,지속적인 브랜드의 발굴 및 확대로 제품 포트폴리오를 확장하는 기업,그리티(204020)
411,다양한 제품 포트폴리오를 보유한 배합사료 전문기업,대주산업(003310)
412,10기가 인터넷 시대를 선도하는 통신장비 제조기업,머큐리(100590)
413,자동차 변속기 제어용 솔레노이드 밸브 등의 자동차 부품 제조 전문기업,유니크(011320)
414,자동차 흡차음 부품 및 내장부품 제조기업,엔브이에이치코리아(067570)
415,IT 부품/제품 전문기업,이엠텍(091120)
416,One-Stop 생산시스템 구축을 통한 자체생산 복강경 수술용 기구 제조 기업,세종메디칼(258830)
417,국내 최초 전자약 분야 전문기업,리메드(302550)
418,미생물 발효 기반 산업용 효소 제조기업,제노포커스(187420)
419,"히알루론산 원료 공법 개발을 통한 필러, 관절염 치료제 제조 기업",휴메딕스(200670)
420,차별화된 공법과 선진 기술력 기반의 기초토목시공 전문기업,특수건설(026150)
421,부산 및 경남지역을 대표하는 주택 전문 종합건설사,동원개발(013120)
422,65년의 업력을 통해 다양한 시공분야와 시공경험을 보유한 종합건설사,이화공영(001840)
423,자체 게임 개발 및 다양한 장르의 IP 획득을 목표로 하는 모바일 게임 전문 개발사,넵튠(217270)
424,"LDI-TOF 질량분석기를 기반으로 차세대 질병 진단, QC 플랫폼 개발 기업",아스타(246720)
425,화학오염 모니터링 장비 제조기업,위드텍(348350)
426,전통적인 의약품 제조 및 판매에서 종합 헬스케어 사업으로 진화하는 기업,동구바이오제약(006620)
427,"병원 대상 종합의료정보시스템(구축형, 클라우드형) 제공 기업",이지케어텍(099750)
428,철강포장 자동화 기술 및 알루미늄 탈산제 제조 기술을 보유한 철강 전문기업,포스코엠텍(009520)
429,기업 대응 고객맞춤형 여행사업 및 렌터카사업 서비스 전문기업,레드캡투어(038390)
430,첨단 디지털 산업의 작은 거인,이랜텍(054210)
431,원천기술을 통해 안정적 영업이익을 실현하는 면역진단 의료기기 제조기업,바디텍메드(206640)
432,글로벌 5G 시장의 대표적 수혜기업,이노와이어리스(073490)
433,LED전구 및 조명장치 제조 기업,우리조명(037400)
434,희귀/난치성 질환 치료제를 연구 및 개발하는 신약개발 전문기업,티움바이오(321550)
435,색조화장품 전문 브랜드를 기반으로 성장한 화장품 개발 및 유통 전문기업,클리오(237880)
436,스마트 산세 처리 공장 기반의 고탄소 냉연강판 전문 제조기업,동국산업(005160)
437,"국내 NAC, EDR 시장을 선도하는 정보보안 솔루션 전문기업",지니언스(263860)
438,모바일 게임 전문 기업,선데이토즈(123420)
439,마이크로 니들링 시스템을 기반으로 한 고주파 피부미용 기기 제조 업체,비올(335890)
440,"디지털 콘텐츠, 프랜차이즈, 렌탈서비스 사업을 통해 수익을 창출하는 통합결제 전문기업",다날(064260)
441,프리미엄 키즈 브랜드를 확보하여 골드키즈 시장을 공략하는 회사,토박스코리아(215480)
442,의료용 및 산업용 영상 솔루션 제조 기업,뷰웍스(100120)
443,기술력을 바탕으로 성장하는 화장품 제조업체,코스메카코리아(241710)
444,OLED 장비 개발 및 정밀장비 전문기업,케이피에스(256940)
445,인터넷 인프라 토탈 서비스 제공 전문기업,케이아이엔엑스(093320)
446,반도체 패키징 및 테스트 전문기업,윈팩(097800)
447,우수한 수출경쟁력을 갖춘 플랜트용 관이음쇠 제조기업,성광벤드(014620)
448,충북 내 9년 연속 1위 종합건설사,대원(007680)
449,에너지원별 다양한 제품 라인업을 구축한 미용 의료기기 제조기업,이루다(164060)
450,조립공정 장비 라인업 확대로 이차전지 제조공정 종합솔루션 전문기업,엠플러스(259630)
451,웨어러블 약물 전달 시스템 개발 기업,이오플로우(294090)
452,정신질환 및 신경계 치료제 개발에 특화된 전문의약품(ETC) 제조기업,한국파마(032300)
453,반도체 검사장비 제조기업,넥스틴(348210)
454,국내 최대 비즈니스 데이터 플랫폼 기업,쿠콘(294570)
455,성장하는 스마트홈 트렌드에 맞춰 스마트 배선 분야로 저변 확대,제일전기공업(199820)
456,글로벌 식품 체인을 관리하는 종합식품기업,하림지주(003380)
457,클라우드 데이터센터 최적화 전문기업,파이오링크(170790)
458,에너지 기술 선도 기업,윌링스(313760)
459,차세대 데이터 보안 및 관리 분야 선도 기업,파수(150900)
460,전문인력과 첨단 생산 설비를 기반으로 한 고품질 의약품 제조,고려제약(014570)
461,첨단패키징 대응 기술력을 갖춘 반도체 공정장비 전문기업,프로텍(053610)
462,실용적이고 멋스러운 스타일링을 주도하는 여성의류 전문 브랜드,패션플랫폼(225590)
463,풍부한 육종 경험을 기반으로 고수익 기능성 신품종 개발을 통한 시장경쟁력 확보,아시아종묘(154030)
464,"약품 조제 및 관리 자동화시스템 개발 선도기업, 관련 장비/솔루션 통합 플랫폼 제공기업",제이브이엠(054950)
465,"LNG 선박용 보냉재 제조기업, 선박용 수소연료탱크 개발을 통한 사업 확장 모색",동성화인텍(033500)
466,상품의 가격비교서비스를 통해 온라인쇼핑 경쟁력을 갖추고 있는 이커머스 전문기업,다나와(119860)
467,재생동 정련 기술 기반의 전선용 동선 제조 및 전장품 제조 기업,KBI메탈(024840)
468,친환경차 부품 사업을 추진 중인 파스너 제조 전문기업,영신금속(007530)
469,"무독, 무취 및 고내구성 온수용, 가스용 플라스틱 배관재 제조 전문기업",정산애강(022220)
470,중전기기 전문기업,제룡전기(033100)
471,자동차 및 IoT 분야의 핵심 솔루션 전문기업,라닉스(317120)
472,미래형 자동차 기술을 보유하고 있는 기업,유라테크(048430)
473,공정성 기반의 24시간 뉴스전문채널,와이티엔(040300)
474,정밀금형기술 기반 LED조명 및 IT부품 제조 전문기업,파인테크닉스(106240)
475,"자동차, 정밀 기계 및 조선 산업 분야의 고품질 봉강 철강제품 제조 전문기업",광진실업(026910)
476,반도체 및 디스플레이용 고품질 특수가스 제조기업,원익머트리얼즈(104830)
477,글로벌 체성분분석 선도 기업,인바디(041830)
478,금형기술을 기반으로 한 IT 부품 제조 전문기업,재영솔루텍(049630)
479,품질경쟁력과 제품 인지도를 통한 주방용품 사업 다각화,PN풍년(024940)
480,화장품 소재 전문기업,엔에프씨(265740)
481,혈당측정 및 체외진단 솔루션 개발,아이센스(099190)
482,디스플레이 및 반도체 공정장비 제조 전문기업,HB솔루션(297890)
483,반도체 범핑 및 테스트 전문기업,엘비세미콘(061970)
484,글로벌 브랜드와의 협업을 통한 라이프 스타일 전문기업,코웰패션(033290)
485,검증된 솔루션 기반의 IT 서비스 전문기업,한일네트웍스(046110)
486,"RF 통신 부품, 반도체 장비 전문기업",기가레인(049080)
487,금융 및 보안 IT 전문기업,이니텍(053350)
488,"급수, 온수용 친환경 플라스틱 배관재 제조 전문기업",프럼파스트(035200)
489,"건강한 인류, 쾌적한 자연을 지향하는 기업",우진비앤지(018620)
490,전력변환기술 기반의 2차전지 후공정 장비 제조 기업,에이프로(262260)
491,"세계적 유전체 분석 서비스 기업, 분석 기술 발달과 규제 샌드박스 선정으로 사업 다변화",마크로젠(038290)
492,인공지능 비전 기술 기반 스마트 팩토리와 스마트 라이프 솔루션 개발,라온피플(300120)
493,반도체 전/후공정 소재 및 SSD 완제품 생산이 가능한 기술 기업,KMH하이텍(052900)
494,고객과 함께하는 친환경 종합 패키징 기업,한국팩키지(037230)
495,이너뷰티 전문기업,뉴트리(270870)
496,"매출 1,000억 원대의 주물 주조 산업의 선도기업",대동금속(020400)
497,차량용 블랙박스 및 내비게이션 선도기업,파인디지털(038950)
498,공공조달 시장 분야 PC 개발 및 맞춤 솔루션 제공 기업,에이텍(045660)
499,기본에 충실한 기술력으로 대한민국 기계설비공사를 선도하는 기업,세보엠이씨(011560)
500,특수가스 분야 세계시장 점유율 1위 기업,SK머티리얼즈(036490)
501,건설 및 엔지니어링 분야의 EPC&EPCM 전문기업,성도이엔지(037350)
502,디지털 금융 세상을 열어가는 핀테크 전문기업,핑거(163730)
503,"냉, 열연강판 철강제품 전단, 분단 가공 전문기업",경남스틸(039240)
504,"산업용, 반려동물용 동물용의약품 제조 전문기업",대성미생물(036480)
505,"거리측정기, 바코드 스캐너, 로봇용 등 레이저 다이오드 제조 전문기업",큐에스아이(066310)
506,건설 및 엔지니어링 분야의 EPC&EPCM전문기업,성도이엔지(037350)
507,경남 최대의 포스코 가공센터인 철강제품 가공 전문기업,경남스틸(039240)
508,안테나 사업과 면세점 사업 전문기업,THQ(192410)
509,망 연계 솔루션 부문 시장 점유율 1위의 IT 보안 전문기업,휴네시온(290270)
510,분자진단시스템의 강화와 RNA기반기술의 실질적 상용화를 추진하는 제약기업,제놀루션(225220)
511,우리 술의 세계화를 위해 투자하는 전통주 선도기업,국순당(043650)
512,유전자 재조합 단백질을 원료로 한 의료기기 및 의약품 전문 기업,셀루메드(049180)
513,"플라스틱 및 친환경 소재의 용기 디자인부터 제작, 유통하는 화장품 용기 전문기업",펌텍코리아(251970)
514,리튬일차전지 및 특수전지 제조 전문기업,비츠로셀(082920)
515,"카드 프린터 국내 선도기업, 제품 라인업 확대로 성장기대",아이디피(332370)
516,국내 전자제품 제조서비스(EMS)선도 기업,피제이전자(006140)
517,온.오프라인 통합 마케팅 기반의 IT제품 공급 전문기업,제이씨현시스템(033320)
518,자동변속기 구성 부품 및 파이프류 제품 등 자동차 부품 제조 전문기업,삼보모터스(053700)
519,현대.기아자동차 자동차부품 제조 전문기업,구영테크(053270)
520,모바일 쿠폰 전문 솔루션 경쟁력 기반의 모바일커머스 전문기업,티사이언티픽(057680)
521,디스플레이용 반도체 선도 기업,티엘아이(062860)
522,혁신적인 기술과 전략 기반의 MVNO 전문기업,아이즈비전(031310)
523,글로벌 사업화를 위해 노력하는 커넥터 제조 전문기업,신화콘텍(187270)
524,상위 1%의 우수한 시공능력을 보유한 주택 전문 종합건설사,KCC건설(021320)
525,"금형 사업기반의 탄탄한 금형, 사출부품 제조 전문기업",나라엠앤디(051490)
526,FPD 및 반도체 제조장비 업체,로체시스템즈(071280)
527,초정밀가공 및 표면처리 기술 전문기업,포인트엔지니어링(256630)
528,공장 자동화 기기 전문기업,TPC(048770)
529,2025년까지 매출 1조 달성하기 위한 비전을 가진 제약회사,동국제약(086450)
530,통합보안관리 솔루션 및 서비스 선도 기업,이글루시큐리티(067920)
531,반도체 패키징 및 테스트 전문기업,에이티세미콘(089530)
532,창상 피복재 및 정형외과용 고정제 제조 전문기업,티앤엘(340570)
533,디스플레이 중심의 정보통신 가전제품 전문기업,새로닉스(042600)
534,경상남도 도시가스 공급업체,지에스이(053050)
535,분자진단용 시약 및 기기 개발 원천기술 확보기업,씨젠(096530)
536,자동차 공조시스템 지주회사,우리산업홀딩스(072470)
537,네트워크 효율과 보안 관리를 위한 솔루션 개발 선도기업,플랜티넷(075130)
538,글로벌 통합 정보보안 전문기업,안랩(053800)
539,캐릭터 완구 유통 전문기업,손오공(066910)
540,글로벌 반도체 검사장비 전문기업,테크윙(089030)
541,기간통신망서비스 전문 기업,세종텔레콤(036630)
542,풍부한 시공실적 기반의 종합 건설회사,남화토건(091590)
543,2차전지의 핵심 초정밀 부품 전문 글로벌 기업,상신이디피(091580)
544,스마트 모빌리티 선도 기업,알톤스포츠(123750)
545,산업용 고기능성 고분자 소재/부품 전문 제조기업,상아프론테크(089980)
546,종합금융정보 제공 전문기업,에프앤가이드(064850)
547,작물보호제(농약) 제조기업,인바이오(352940)
548,친환경 에너지 소재·부품 전문기업,비나텍(126340)
549,플랫폼 기반 헬스케어 및 뷰티케어 전문 기업,케어랩스(263700)
550,자동차 및 가전제품용 금형 제조 전문기업,에이테크솔루션(071670)
551,포털 서비스 전문기업,줌인터넷(239340)
552,산업용 X-ray 검사장비 전문기업,자비스(254120)
553,종이 없는 시대를 열어가는 전자문서 선도기업,포시에스(189690)
554,후공정 기술인 패키징 테스트 등을 & 담당하는 반도체 파운드리 전문기업,네패스(033640)
555,친환경 자동차 부품 제조 전문기업,코리아에프티(123410)
556,전원 공급장치(SMPS) 및 필름 커패시터 전문기업,성호전자(043260)
557,파인 블랭킹 가공 전문기업,대성파인텍(104040)
558,네트워크/시스템 구축 전문기업,오파스넷(173130)
559,"스크러버, 칠러 등 반도체 제조 장치 전문기업",GST(083450)
560,온라인 최적화 브랜드 미디어커머스 전문기업,브랜드엑스코퍼레이션(337930)
561,세라믹 소재 부품 분야 전문기업,아모텍(052710)
562,가전제품 및 디지털 도어록 부품 생산 전문기업,이랜시스(264850)
563,이차전지의 핵심 안전장치 제조 전문 기업,신흥에스이씨(243840)
564,"마이크로 컨트롤러 유닛, 집적회로 등 시스템반도체 전문 팹리스 업체",어보브반도체(102120)
565,양질의 교육 콘텐츠를 제공하는 대한민국 대표 지식기업,메가스터디교육(215200)
566,인공지능·빅데이터 전문기업,바이브컴퍼니(301300)
567,검사장비 제조 전문기업,윈텍(320000)
568,블랙박스 및 지도 플랫폼 전문 기업,팅크웨어(084730)
569,선박용 전자장비 전문기업,삼영이엔씨(065570)
570,지역주택조합사업 전문기업,서희건설(035890)
571,기술혁신을 통한 엔지니어링 플라스틱 분야 선도 기업,에스폴리텍(050760)
572,원료의약품 제조 경력을 바탕으로 신약후보물질 및 소재개발 사업 진출,국전약품(307750)
573,"산업용 클린룸, 바이오 클린룸 제조 전문기업",원방테크(053080)
574,바이오 빅데이터 기반 질병예측 및 진단기업,클리노믹스(352770)
575,수직계열화를 이룬 골판지 및 골판지 상자 제조 전문기업,삼보판지(023600)
576,토목건설전문기업,우원개발(046940)
577,"이차전지, 첨단소재, 자동화 분야의 롤투롤 장비 제조 전문기업",피엔티(137400)
578,"열연강판, 후판, 형강 등 포스코 및 현대제철 철강재 전문 가공업체",삼현철강(017480)
579,다양한 서비스로 사업경쟁력을 높이며 40년 외길을 걸어온 철강업체,동양에스텍(060380)
580,기능성 나노소재 전문기업,석경에이티(357550)
581,유기금속 화학소재 전문기업,레이크머티리얼즈(281740)
582,국내 자동차 플라스틱 부품 전문 기업,에코플라스틱(038110)
583,종합 미디어 콘텐츠 제작 전문기업,위지윅스튜디오(299900)
584,친환경 농자재 제조 전문기업,효성오앤비(097870)
585,유전자 분석 기술 기반 정밀진단 전문기업,엔젠바이오(354200)
586,헬스케어 IT 산업 글로벌 리더,인피니트헬스케어(071200)
587,품질경영 철학의 침대 전문기업,에이스침대(003800)
588,국내 디지털 문화 콘텐츠 선도 기업,예스24(053280)
589,인쇄회로기판 전문기업,티엘비(356860)
590,반도체 관련 패키징 및 제품 테스트 전문기업,SFA반도체(036540)
591,이차전지 및 디스플레이 장비 전문기업,나인테크(267320)
592,LED 전문기업,서울반도체(046890)
593,"반도체 관련 부품 임가공, 검사 및 장비 제조 전문기업",성우테크론(045300)
594,국내 IT용 디스플레이 소재 전문 기업,미래나노텍(095500)
595,체외진단 분야 전문기업,프리시젼바이오(335810)
596,"캐릭터 디자인, 완구 및 콘텐츠 전문기업",오로라월드(039830)
597,미생물 진단 분야의 글로벌 혁신 기업,퀀타매트릭스(317690)
598,국내 광학 Film 분야 기술 선도 기업,신화인터텍(056700)
599,‘쿠키런’ IP를 중심으로 한 다양한 콘텐츠 확보를 제공하는 기업,데브시스터즈(194480)
600,창유리 선도 기업,국영지앤엠(006050)
601,외관검사 장비 제조 전문 업체,인텍플러스(064290)
602,프린터 부품 및 LED 조명기기 전문기업,파커스(065690)
603,공장 자동화 설비를 위한 로봇모션 제어 전문기업,알에스오토메이션(140670)
604,라미네이팅 기계/필름 및 화장품 전문기업,브이티지엠피(018290)
605,글로벌 경쟁력을 확보한 IT부품소재 기업,아이컴포넌트(059100)
606,동물용 백신 전문기업,중앙백신(072020)
607,다양한 신약 파이프라인을 보유한 바이오신약 전문기업,인트론바이오(048530)
608,"인적, 물적 인프라 및 원천기술을 확보한 동물 질병 전문기업",옵티팜(153710)
609,OLED FMM(Fine Metal Mask) 인장기 선도기업,한송네오텍(226440)
610,발전 경상정비 분야 전문기업,일진파워(094820)
611,이차전지 제조 공정 자동화 장비 제조기업,엔에스(217820)
612,발전플랜트 친환경 보조설비 전문기업,비디아이(148140)
613,축적된 기술력을 기반으로 한 국내 산업용 로봇 분야 선도기업,로보스타(090360)
614,디스플레이 검사장비 전문 기업,HB테크놀러지(078150)
615,국내 최초 간편 현금결제 서비스 도입한 핀테크 전문기업,세틀뱅크(234340)
616,독자적 S/W 기반의 의료정보서비스 전문기업,비트컴퓨터(032850)
617,지적재산권(IP) 기반의 게임 서비스 전문 기업,웹젠(069080)
618,다양한 라이프스타일을 제공하는 프리미엄 리조트 운영기업,아난티(025980)
619,"로봇, 코딩, 융합과학 교육서비스 전문기업",로보로보(215100)
620,"가상화, 클라우드 플랫폼, 5G 네트워크 기능 개발 전문기업",나무기술(242040)
621,외식 프랜차이즈 전문기업,맘스터치앤컴퍼니(220630)
622,반도체 테스트 전문기업,에이팩트(200470)
623,브랜드 파워를 보유한 기능성 의자 전문기업,듀오백(073190)
624,금속 소재 기업에서 소재 전문 기업으로의 변모를 꾀하다,유에스티(263770)
625,생산 인프라 개선 및 전략적 제품군 개발로 경쟁력 확보 기대,대모(317850)
626,"육가공 전문 기업, 종합식품 개발 통한 글로벌 기업으로의 도약",마니커에프앤지(195500)
627,철강재 전문 종합물류기업,유성티엔에스(024800)
628,아티스트 매니지먼트 전문회사,아이오케이컴퍼니(078860)
629,건축자재 전문기업,동화기업(025900)
630,항공기 동체 전반에 관한 기술을 보유한 항공기 동체 제조업체,아스트(067390)
631,종합 금융 플랫폼 전문기업,갤럭시아머니트리(094480)
632,SI/NI 1세대 ICT 전문기업,릭스솔루션(029480)
633,자동차용 공조시스템부품 산업의 선도기업,성창오토텍(080470)
634,전자기기 및 자동차 부품 분야 제조기업,덕우전자(263600)
635,차량 공조시스템 부품 분야 선도기업,엠에스오토텍(123040)
636,프랜차이즈와 직영 사업으로 구성된 외식사업 전문기업,디딤(217620)
637,미량요소 복합비료 전문기업,대유(290380)
638,플랜트 및 토목건축공사 전문기업,SGC이테크건설(016250)
639,"에듀테크 선도기업, AI를 통해 진보된 에듀테크 구현",아이스크림에듀(289010)
640,"통합 보안솔루션 제공, 제품고도화 및 서비스 다양화를 통한 시장경쟁력 강화",드림시큐리티(203650)
641,원자력 관련 사업 및 항공기 정밀부품 제조 전문기업,오르비텍(046120)
642,디스플레이 검사장비 기술 기반 신사업 분야 투자 진행,영우디에스피(143540)
643,디스플레이 제조 장비 전문기업,인베니아(079950)
644,IT 솔루션 공급 / VAN / PG 전문 핀테크 기업,다우데이타(032190)
645,스마트폰 특수필름 및 복합소재 가공 전문기업,세경하이테크(148150)
646,우수한 합성 및 배합기술로 특화된 첨단소재를 생산하는 전문화학기업,켐트로스(220260)
647,디스플레이 및 반도체 제조 장비 선도기업,AP시스템(265520)
648,독보적 기술을 보유한 디스플레이용 장비 제조기업,비아트론(141000)
649,"무선통신용 중계기 선도기업으로 항공, 방위산업 분야로 사업 확대",기산텔레콤(035460)
650,정밀화학기술 기반 원료의약품(API) 개발 및 글로벌 위탁생산(CMO) 기업,KPX생명과학(114450)
651,산업용 프린터 수출 선도 기업,빅솔론(093190)
652,체외진단 전문기업,수젠텍(253840)
653,정밀금형 기술 기반 부품소재 전문기업,파인디앤씨(049120)
654,가상현실(VR)·증강현실(AR) 전문기업,에이트원(230980)
655,생체인식 솔루션 전문기업,유니온커뮤니티(203450)
656,지능형 차량용 반도체 팹리스 핵심기술 보유 기업,텔레칩스(054450)
657,고기능성 섬유 제품 전문기업,웰크론(065950)
658,육종 및 생명공학 연구를 기반으로 한 종자 전문기업,아시아종묘(154030)
659,네트워크 통신 솔루션 전문기업,링네트(042500)
660,"레미콘·아스콘 사업 및 건설자재 유통, 레저스포츠업 등을 영위하는 사업지주회사",홈센타홀딩스(060560)
661,UI/UX 개발 플랫폼 전문 기업,투비소프트(079970)
662,상위 1%를 위한 고급 주택 건설에 특화된 부동산개발 및 종합건설사,상지카일룸(042940)
663,"알루미늄 주물을 이용한 자동차 부품 제조 전문기업, 신사업 전기차 부품 비중 확대",삼기(122350)
664,바이오마커 기반 FIRST-IN-CLASS 신약개발 전문회사,메드팩토(235980)
665,다양한 제품군을 보유한 전문의약품 제조·판매 전문 제약기업,녹십자웰빙(234690)
666,스크린골프 국내 점유율 1위 기업,골프존(215000)
667,"글로벌 패션브랜드, 제품기획력을 통한 경쟁력 강화",에스제이그룹(306040)
668,국산 서버 시장의 선두기업,이트론(096040)
669,줄기세포 추출성분을 활용한 화장품 및 의약품 제조기업,프로스테믹스(203690)
670,차세대 진단 시스템을 개발하는 바이오 벤처기업,아스타(246720)
671,"바이오 전문기업, 펩타이드 기반의 의약품 및 융합 바이오소재 개발로 경쟁력 확보",나이벡(138610)
672,X-ray 2차전지 검사장비 및 제조장비 전문기업,이노메트리(302430)
673,"국내 건설기계 및 특장차 분야 전문기업, 군 특장차 시장 등으로 사업 다각화",에버다임(041440)
674,"물류, 자동차부품 등 다양한 사업을 영위하는 기업",SG&G(040610)
675,"전력변환장치 전문 제조업체, 거래처 다변화를 통한 사업 다각화 추진중",파워넷(037030)
676,국내외 태양광발전 보급 정책에 따른 긍정적인 흐름 전망,SDN(099220)
677,반도체 및 디스플레이 제조장비 전문업체,코세스(089890)
678,LPG 가스용 밸브 국내 시장점유율 1위 업체,에쎈테크(043340)
679,국내 반도체 및 디스플레이용 전자재료 분야를 선도하는 기업,동진쎄미켐(005290)
680,스마트홈 솔루션 기술 보유,코맥스(036690)
681,취약점 진단 솔루션 개발 및 정보보호 컨설팅 전문기업,에스에스알(275630)
682,대형 패널용 장비 양산 경험을 보유한 OLED 증착장비 전문기업,야스(255440)
683,반도체 전/후공정용 열처리 Full line-up을 갖춘 장비 전문기업,예스티(122640)
684,비즈니스 커뮤니케이션 솔루션 선도기업,한솔인티큐브(070590)
685,식품의 신선함을 유지한 HMR을 생산하는 전문기업,우양(103840)
686,디지털 프린팅 잉크 및 전자잉크 전문기업,잉크테크(049550)
687,광섬유 융착접속기 전문 제조기업,이노인스트루먼트(215790)
688,디스플레이 제조/검사장비 및 반도체 공정용 소모품 개발 전문기업,케이엔제이(272110)
689,오랜 기술 노하우를 보유한 Animal Health Care 전문기업,이글벳(044960)
690,통합 디지털 마케팅을 구현하는 종합광고대행사,퓨쳐스트림네트웍스(214270)
691,다양한 컨셉의 브랜드 포트폴리오 보유 및 다양한 유통 채널을 통한 경쟁력 확보,그리티(204020)
692,"디스플레이 광학소재 전문기업, 신성장 동력 사업 확보를 위한 첨단소재 개발",코이즈(121850)
693,"안과용제 전문기업, 신규 파이프라인 확보하며 사업 다각화",삼천당제약(000250)
694,2차전지 생산 공정에 특화된 자동화 시스템 전문 제조기업,코윈테크(282880)
695,"연구용 실험기기와 의료기기 전문기업, 글로벌 경쟁력 강화",대한과학(131220)
696,국내 최초 반도체 어셈블리 및 테스트 전문기업,시그네틱스(033170)
697,"국내 BLU 분야 전문기업, 반도체 장비제조업체 인수로 사업 다각화",이라이콤(014520)
698,디스플레이 검사장비 제조 전문기업,이엘피(063760)
699,영상 콘텐츠 VFX 제작 전문기업,덱스터(206560)
700,OLED 공정장비 제조 전문기업,힘스(238490)
701,폐기물 중간처분 및 최종처분 전문기업,코엔텍(029960)
702,자동차 차체 부품 전문기업,아진산업(013310)
703,디스플레이 검사장비 전문기업,쎄미시스코(136510)
704,"색조화장품 전문기업, 브랜드 세분화 및 온라인 유통 사업 확대로 경쟁력 확보",클리오(237880)
705,통신용 시험/계측기 및 Small Cell 개발 전문기업,이노와이어리스(073490)
706,고객 맞춤형 제조 서비스를 제공하는 화장품 ODM 업체,코스온(069110)
707,제대혈 보관/이식 및 줄기세포치료제 개발 전문기업,메디포스트(078160)
708,디스플레이 패널 소재·부품 및 LCD 제조설비 해체 및 이설 전문기업,와이엠씨(155650)
709,이커머스 플랫폼 전문기업,코리아센터(290510)
710,"용해성 마이크로니들 전문기업, 전문의약품 및 백신 패치 연구개발 본격화",라파스(214260)
711,"BMW, PORSCHE 등 5개 유명 브랜드를 아우르는 수입차 딜러사",도이치모터스(067990)
712,애드테크를 기반으로 광고 상품을 다양화하는 디지털 광고 미디어렙사,인크로스(216050)
713,비디오커머스로 사업다각화를 이룬 온라인종합광고대행사,에코마케팅(230360)
714,축종별 제품군을 구축한 배합사료 전문기업,한일사료(005860)
715,유무선통신장비 및 광케이블을 포괄하는 통신 하드웨어 전문 기업,머큐리(100590)
716,독자적 플랫폼 기술 확보로 효소산업 내 점유율을 확장 중인 기업,제노포커스(187420)
717,K-뷰티 토탈 포트폴리오를 구축한 전문기업,제테마(216080)
718,국내 광전송장비 분야 선도기업,코위버(056360)
719,우수한 생산시스템을 갖춘 용접용 관이음쇠 선도기업,성광벤드(014620)
720,영화 제작 및 배급 등의 종합 콘텐츠 미디어 전문기업,쇼박스(086980)
721,"플랫폼 기반의 간편건강식 전문기업, 중국 시장 진출 본격화로 매출 외형 확대 전망",푸드나무(290720)
722,소방설비 제작부터 소방시설 공사까지 종합 소방전문기업,파라텍(033540)
723,국내 광고산업을 선도하는 종합광고대행사,오리콤(010470)
724,"금융, 특수 단말시스템 전문기업",케이씨티(089150)
725,OLED 유기재료 국산화 선도 기업,덕산네오룩스(213420)
726,우주산업 분야 핵심기술 및 검증능력 보유 기업,AP위성(211270)
727,기능성 식품소재 제조 전문기업,네오크레마(311390)
728,카메라모듈 검사장비 제조 전문기업,이즈미디어(181340)
729,자동차 시트 및 내장품 전문기업,이원컴포텍(088290)
730,"선박 엔진용 실린더 라이너 전문업체, 선박 관련 환경규제에 따른 수혜 기대",케이프(064820)
731,치과용 디지털 의료기기 전문업체,레이(228670)
732,빅데이터를 활용한 소비자 트렌드 분석으로 파급력 있는 광고를 제작하는 종합광고대행사,에스엠컬처앤콘텐츠(048550)
733,서머즈 워의 해외 인기를 바탕으로 e스포츠 등 사업 다각화 지속 추진,컴투스(078340)
734,글로벌 기술 경쟁력을 지닌 디스플레이용 부품 전문기업,아바텍(149950)
735,"계장용 피팅 및 벨브 전문업체, 전방산업 회복에 따른 매출 증가 기대",비엠티(086670)
736,부산 및 경남지역을 대표하는 주택 전문 종합건설사,동원개발(013120)
737,부품 경량화 기술을 기반으로 미래 자동차 시장 대비,화신정공(126640)
738,"자동 변속기 부품, 컨트롤 케이블 등 자동차 부품 전문 제조기업",경창산업(024910)
739,우수한 기술력과 생산능력을 보유한 자동차 내장 카페트 전문기업,온코퀘스트파마슈티컬(078590)
740,홈 카페 제품 부분의 성장 및 신규 브랜드 런칭 등을 통한 사업 영역 확장,흥국에프엔비(189980)
741,네트워크 및 위조방지 솔루션 제공 전문기업,아이크래프트(052460)
742,친환경 제품 개발로 레미콘 산업을 선도하는 국내 1위 기업,유진기업(023410)
743,"국내 세라믹 소재 분야 전문기업, 촉매 담체 시장 등으로 사업 다각화",쎄노텍(222420)
744,60년간 신뢰를 구축해온 호남지역 시멘트 전문기업,고려시멘트(198440)
745,"45년 업력의 패션기업, 해외시장 진출로 신성장 동력 마련",형지아이앤씨(011080)
746,전자저울을 중심으로 산업.산업용 계량시스템의 표준을 선도하는 기업,카스(016920)
747,이태리 식자재 수입 및 유통 전문기업,보라티알(250000)
748,"프로브 카드, 인터페이스 보드, OLED검사장비 등 다양한 제품 포트폴리오 보유",티에스이(131290)
749,생체 의료용 소재 기반의 정형외과용 의료기기 전문기업,유앤아이(056090)
750,우수한 정밀 가공 기술을 보유한 정형외과용 임플란트 제조 전문기업,오스테오닉(226400)
751,디스플레이 구동 솔루션 및 IoT(Internet of Things) 관련 솔루션을 제공하는 기업,엘디티(096870)
752,자동 모션제어 국산화 전문기업,아진엑스텍(059120)
753,자동차 내장재 및 엔진룸 흡차음재 부품 제조 전문기업,엔브이에이치코리아(067570)
754,반도체 웨이퍼 캐리어 선도 기업,3S(060310)
755,전문화된 기술력을 보유한 터보차저 핵심부품 선두기업,캐스텍코리아(071850)
756,드라마 콘텐츠 경쟁력을 바탕으로 한 종합 엔터테인먼트 기업,팬엔터테인먼트(068050)
757,기능성 소재를 기반으로 한 사료 전문기업,미래생명자원(218150)
758,국내 1위 데크플레이트 개발 및 제조 전문업체,덕신하우징(090410)
759,인공지능 기반 의료 영상 진단 기술 개발 전문기업,제이엘케이(322510)
760,5G 서비스 대응 기술을 확보한 통합운영지원솔루션 전문 기업,엔텔스(069410)
761,"분자진단 헬스케어 강자, 분자진단키트 신제품 출시 및 해외 진출 확대",랩지노믹스(084650)
762,"산업용 가열로 전문업체, 수소충전소 공급 시작",제이엔케이히터(126880)
763,스마트 기기 부자재 및 액세서리 등 전자 IT부품 제조 기업,서원인텍(093920)
764,원천기술 및 우수한 연구인프라를 확보한 수술 및 재활 로봇 개발 전문기업,큐렉소(060280)
765,"워터스포츠 의류, 애슬레저 의류 전문 브랜드 기업",배럴(267790)
766,적응증별 제품 라인업을 구축한 레이저 의료기기 전문기업,루트로닉(085370)
767,디스플레이 소재 기술 노하우를 보유하고 새롭게 도약하는 글로벌 강소기업,오성첨단소재(052420)
768,국내 발전설비 분야 설계·제작 선도기업,비에이치아이(083650)
769,"건강기능식품 연구개발, ODM/OEM 전문기업",노바렉스(194700)
770,신속한 안전성 평가 프로세스를 구축하여 코로나19 백신 및 치료제 조기개발 조력,바이오톡스텍(086040)
771,"맞춤형 헬스케어 신제품 런칭으로 주력사업 역량 강화, 신약개발로 사업영역 확장",천랩(311690)
772,건강기능식품 및 바이오 헬스케어 전문기업,팜스빌(318010)
773,국내 권역별 레미콘 공급 전문기업,모헨즈(006920)
774,국내 합성주정 및 초산에틸 선도기업,한국알콜산업(017890)
775,친환경 모빌리티 고무부품과 수소연료전지 고무부품 사업영역 확대,동아화성(041930)
776,에너지 자원화 사업을 이끄는 선도기업,에코바이오홀딩스(038870)
777,완제품 생산 가능한 시스템 구축으로 응용분야 확대 기대,노바텍(285490)
778,"축적된 분석 기술, 다양한 분석 경험 기반의 물성분석 전문기업",케이맥(043290)
779,반도체 기술 및 센서 기술을 활용한 Total Solution을 제공하는 센서 전문기업,오디텍(080520)
780,우수한 기술력 바탕의 고품질의 휴대폰 부품 제조기업,유아이엘(049520)
781,높은 인지도의 소셜 퍼즐 게임 ‘애니팡’을 보유한 모바일 게임사,선데이토즈(123420)
782,온라인 및 오프라인 시장을 융합하는 전자결제 전문 기업,NHN한국사이버결제(060250)
783,자동차 금형의 선도기업,서연탑메탈(019770)
784,특수강산업을 선도하는 특수강 가공 및 유통 전문기업,원일특강(012620)
785,다중면역진단 플랫폼 기술을 보유한 기업,피씨엘(241820)
786,유가공제품 전문기업,매일유업(267980)
787,스마트홈 솔루션 분야 선도기업,현대통신(039010)
788,종합교육서비스 전문기업,NE능률(053290)
789,"음향, 영상, 통신 통합 솔루션 전문기업",인터엠(017250)
790,국내 1위의 채소종자 선도기업,농우바이오(054050)
791,체외진단(현장진단) 전문기업,휴마시스(205470)
792,IT 공정 핵심 화학소재 전문기업,램테크놀러지(171010)
793,미래 화학 산업을 이끄는 종합화학소재 전문기업,천보(278280)
794,경인지역 최대 스테인리스 소재 가공 기업,티플랙스(081150)
795,게임 개발 및 글로벌 퍼블리싱 전문기업,네오위즈(095660)
796,글로벌 경쟁력을 지닌 안과용 의약품 제조 기업,디에이치피코리아(131030)
797,국내 T커머스 선도기업,케이티하이텔(036030)
798,자동차 부품 전문 제조기업,오스템(031510)
799,디스플레이용 전자소재 및 전자부품 전문기업,이그잭스(060230)
800,Global Leader 반도체 소자 및 LED 조명 전문기업,알에프세미(096610)
801,"열처리, 금형 등 뿌리산업의 선도기업",케이피티유(054410)
802,5G 이동통신망의 기반인 광전송장비 전문 제조업체,우리넷(115440)
803,선박평형수 처리장치 IMO 형식승인 취득,한라IMS(092460)
804,고도화된 기술력을 보유한 수동소지 제조 선도기업,아비코전자(036010)
805,비마약성 진동제 분야와 알츠하이머성 치매 분야 치료제 개발,메디프론(065650)
806,종합 실내공기질 관리 전문기업,하츠(066130)
807,제약과 바이오기술의 결합을 통한 헬스케어 리더,JW산약(067290)
808,카톤팩 기반의 종합 포장 용기 제조 기업,삼륭물산(104970)
809,머신비젼 기술력을 이용한 디스플레이 검사장치 제조기업,넥스트아이(137940)
810,광학 전자제품 전문 제조업체,해성옵틱스(076610)
811,스포츠 게임 및 전쟁 시뮬레이션 게임 장르의 강자,조이시티(067000)
812,자동차 부품용 엔지니어링플라스틱 소재 전문기업,코프라(126600)
813,줄기세포치료제 개발 전문기업,바이오솔루션(086820)
814,진공 로봇에 특화된 기술력에 기반한 성장 가능성 보유,티로보틱스(117730)
815,"반도체 웨이퍼 이송 장비 전문 제조업체, 의료용 서비스로봇 다각화 추진중",싸이맥스(160980)
816,"3PL 전문기업으로 M&A, 해외법인 설립 등을 통한 사업 다각화 및 다변화 모색",태웅로직스(124560)
817,풍력타워 생산에 특화된 동국산업 계열의 전문기업,동국S&C(100130)
818,국내 1위 산업용 보일러 생산 전문기업,부스타(008470)
819,조성아뷰티 등 7개 자체 브랜드를 보유한 화장품 전문 브랜드사,씨에스에이코스믹(083660)
820,MCU IP를 보유한 비메모리 반도체 설계 전문기업,에이디칩스(054630)
821,다양한 엑스레이 디텍터 개발기술을 보유한 엑스레이 장치 제조 전문기업,레이언스(228850)
822,전자부품 및 화학 소재/공정 전문기업,켐트로닉스(089010)
823,광융합산업에 적용되는 데이터센터용 및 광통신용 소자 전문기업,피피아이(062970)
824,스마트폰 OLED에 적용되는 FPCB 전문 제조기업,비에이치(090460)
825,로봇 솔루션 및 플랫폼 전문기업,로보티즈(108490)
826,자체 갠트리 로봇을 적용한 공장 물류 자동화 시스템 전문기업,에스피시스템스(317830)
827,패키징 및 반도체 재료 전문기업,하나마이크론(067310)
828,반도체 범핑 및 테스트 전문기업,엘비세미콘(061970)
829,"산업용 모니터, TFT-LCD모듈을 주력제품으로 하는 디스플레이 전문기업",토비스(051360)
830,컴퓨터 활용 신약개발(CADD) 플랫폼 전문기업,신테카바이오(226330)
831,제품개발로 지속 성장하는 안전밸브 전문기업,조광ILI(044060)
832,지급결제 PROCESSING의 시장점유율 1위 기업,나이스정보통신(036800)
833,분자진단시장의 차세대 글로벌 리더를 꿈꾸는 기업,진매트릭스(109820)
834,본딩와이어 세계시장 1위를 차지한 반도체 소재기업,엠케이전자(033160)
835,시험인증 솔루션 제공 기업,디티앤씨(187220)
836,스마트폰용 메모리반도체 선도기업에서 IoT 메모리 솔루션기업으로 변모,피델릭스(032580)
837,미용의료기기 전문기업,하이로닉(149980)
838,기술 중심의 제조 경쟁력을 확보하고 있는 PCB 전문기업,현우산업(092300)
839,코끼리 보조배터리 등의 하드웨어 제품 중심에서 Lifeware 사업으로 다각화 중,디자인(227100)
840,건설 외길로 안정적인 관급사업에 주력하고 있는 종합건설사,서한(011370)
841,"마이크로 비트, 자동차 모터용 샤프트 전문기업",네오티스(085910)
842,신재생에너지 및 전력기자재 제조 전문기업,보성파워텍(006910)
843,"제약, 의료기기, 건강기능식품 사업을 영위하는 토탈 헬스케어 기업",휴온스(243070)
844,"밀링, 선삭, 드릴링 등 절삭공구 제조 글로벌기업",와이지-원(019210)
845,반도체 설계 및 공정기술 기반의 RF 부품 및 모듈 전문 제조 업체,와이솔(122990)
846,"국내 1위, 글로벌 3위의 줄자 Maker ‘KOMELON’",코메론(049430)
847,40년 업력의 선박용 조선기자재 전문기업,오리엔탈정공(014940)
848,OLED 장비 개발 및 정밀장비 전문기업,케이피에스(256940)
849,"국내 유일 시험인증, 교정 전문기업",에이치시티(072990)
850,랩온어칩 기술 기반의 현장진단(POCT),나노엔텍(039860)
851,금속산업의 글로벌 리더로 도약하는 기업,영신금속(007530)
852,다이캐스팅 기술력을 보유한 폴더블 스마트폰 힌지(Hinge) 부품 단독 공급 기업,KH바텍(060720)
853,건설기계 중장비용 전장품 Total 솔루션 기업,프리엠스(053160)
854,건설기계 부품 및 단조품 제조 전문기업,흥국(010240)
855,스마트 홈 전문기업,코콤(015710)
856,국내 1위 건설폐기물 처리업체,인선이엔티(060150)
857,다양한 게임 라인업을 보유한 모바일 게임사,넵튠(217270)
858,계절 및 생활가전 전문기업,파세코(037070)
859,건자재 산업의 'VALUE CREATOR',윈하이텍(192390)
860,우수한 디자인 능력과 온·오프라인 유통채널 운영 능력을 갖춘 골프의류 기업,까스텔바작(308100)
861,기술력을 보유한 종합 ICT전문기업,에스넷시스템(038680)
862,기계/ICT 융복합 하이브리드 기업,스맥(099440)
863,알루미늄 소재 표면처리 전문기업,파버나인(177830)
864,전자상거래를 위한 결제서비스 전문 기업,KG이니시스(035600)
865,K-팝의 팬덤 효과등을 기반으로 한 SM 아티스트 상업인쇄물 제작 전문기업,SM Life Design(06344)
866,품목의 다변화로 재도약하는 특수지 전문기업,국일제지(078130)
867,주사제용 카바페넴 항생제 원료의약품 전문회사,하이텍팜(106190)
868,AI 기반의 음성 인터페이스 및 언어 지능화 솔루션 전문기업,미디어젠(279600)
869,반도체 및 디스플레이 제조장비 부품 전문업체,아이원스(114810)
870,NK 세포 기반 면역세포치료제 개발 및 선진화된 바이오서비스 전문기업,녹십자랩셀(144510)
871,건강기능식품 개발/생산 전문기업,코스맥스엔비티(222040)
872,카메라모듈 선도업체,캠시스(050111)
873,시스템 반도체 테스트 서비스 전문기업,테스나(131970)
874,공학과 바이오를 융합한 제품 포트폴리오 구축으로 체외진단 및 측정 분야의 솔루션 제공,마이크로디지탈(305090)
875,센서 제조 전문기업,트루윈(105550)
876,관이음쇠류 제조 전문기업,태광(023160)
877,글로벌 소재부품 전문기업,케이피에프(024880)
878,반도체 제조 장비 부품 전문기업,월덱스(101160)
879,화학약품 초정밀 혼합 중앙 공급장치 전문기업,씨앤지하이테크(264660)
880,산업용 타포린 시트 전문기업,원풍(008370)
881,국내 전원공급장치 마켓 리더,동양이엔피(079960)
882,시장 친화적인 기술선도 강소기업,제룡산업(147830)
883,대한민국 과학영농을 주도하는 단 농업기계 전문기업,아세아텍(050860)
884,"열교환 기술 컨버전스 기술을 기반으로 포트폴리오 다각화, 종합가전회사로 도약",위닉스(044340)
885,MD 일원화 시스템을 보유한 남성 의류 브랜드 기업,에스티오(098660)
886,"항공기부품 전문기업, 항공기 교체 수요 증가 기대",하이즈항공(221840)
887,원료의약품 개발/생산 전문기업,화일약품(061250)
888,코스닥 기업 내 유일한 종합환경기업,자연과환경(043910)
889,"제강공정 산소 제거용 알루미늄 탈산제, 알루미늄 빌렛 생산 전문기업",피제이메탈(128660)
890,통합 엔지니어링 기술을 보유한 친환경 발전설비 전문기업,지엔씨에너지(119850)
891,압흔검사장비 분야 글로벌 선도기업,브이원텍(251630)
892,POSCO 냉연제품 전문 Service Center,금강철강(053260)
893,이중코팅 기술 기반 프로바이오틱스 전문 기업,쎌바이오텍(049960)
894,글로벌 경쟁력을 지닌 게임 퍼블리싱 전문기업,플레이위드(023770)
895,대한민국을 대표하는 상위 1%의 종합건설사,KCC건설(021320)
896,64년간 축적된 기술력 기반 안정적인 시공을 제공하는 GMP시설에 특화된 종합건설사,이화공영(001840)
897,애플리케이션 네트워크 제품 및 보안서비스 선도기업,파이오링크(170790)
898,"TV용 리모컨 및 스피커, IoT 허브 제조업체",삼진(032750)
899,RF커넥터 전문기업,텔콘RF제약(200230)
900,디스플레이 CHASSIS류 전문 제조업체,인지디스플레이(037330)
901,물류 EDI 서비스를 기반으로 비즈니스 경쟁력을 높여주는 기업,케이엘넷(039420)
902,신약기술을 기반으로 제약시장을 선도하는 글로벌 제약회사를 꿈꾸는 기업,셀트리온제약(068760)
903,약물전달시스템 원천기술 기반의 혁신형 제약기업,비씨월드제약(200780)
904,산업용 감속기 제조 전문기업,우림기계(101170)
905,전동 액츄에이터 전문기업,에너토크(019990)
906,"PB,PE-RT파이프 및 PB이음관 개발 및 생산업체",프럼파스트(035200)
907,기술력을 바탕으로 성장하는 화장품 ODM업체,코스메카코리아(241710)
908,1차 철강제품 가공 제조기업,경남스틸(039240)
909,기능성 창유리의 선도기업,국영지앤엠(006050)
910,IoT 및 모바일용 메모리 반도체 전문기업,제주반도체(080220)
911,수직계열화를 갖춘 제지회사,대림제지(017650)
912,공작기계 핵심요소 부품의 제조 전문기업,서암기계공업(100660)
913,정밀금형사출기술과 LED 조명 기술 기반으로 성장한 기업,삼진엘앤디(054090)
914,네트워크 및 보안 솔루션 전문회사,한일네트웍스(046110)
915,세계일류상품 인증 ;휴대용 부탄가스'를 제조하는 종합제관 회사,태양(053620)
916,원익 집단의 모기업으로 흡수 합병을 통한 사업영역 확대,원익(032940)
917,글로벌 기술 경쟁력을 지닌 커넥터 전문기업,우주일렉트로(065680)
918,3D MEMS 기반 프로브 카드 제조기술 보유,마이크로프랜드(147760)
919,"POSCO Service &Solution Center, 건설폐기물 사업 성장세",동양에스텍(060380)
920,한국판 뉴딜 정책 수혜가 기대되는 네트워크 장비 공급 전문 기업,다산네트웍스(039560)
921,Die Casting 및 관련 기술 확장을 통한 장기 성장 동력 확보,파인테크닉스(106240)
922,소아 및 호흡기 의약품 전문기업,삼아제약(009300)
923,"고품질 필터 미디어 및 필터, 마스크 완제품 전문기업",크린앤사이언스(045520)
924,미래를 선도하는 최고 기술력을 보유한 풍력 업체,스페코(013810)
925,최고의 품질을 자랑하는 닭고기 브랜드의 새로운 아이덴티티,하림(136480)
926,데이터 보안 영역 글로벌 선도 기업,파수(150900)
927,국내 진주광택안료 시장점유율 1위 기업,씨큐브(101240)
928,다수의 신규 IP게임 출시로 글로벌 기업가치 제고 예상,데브시스터즈(194480)
929,유전체 분석 기술 기반의 맞춤의학 선도기업,디엔에이링크(127120)
930,"클린룸용 소모품, 마스크 제조 전문 기업",케이엠(083550)
931,도금 기술력을 기반으로 해저케이블용 강선 등의 선재류 및 피팅·밸브 제조,한국선재(025550)
932,"사료 및 도축제품 제조, 양돈사육 전문기업",팜스토리(027710)
933,임상개발 단계 파이프라인을 보유한 연구중심의 항체치료제 개발 전문 바이오기업,파멥신(208340)
934,우수한 디자인 능력과 마니아층 고객을 확보한 패션전문기업,지엔코(065060)
935,"54년 업력의 광원 전문기업, 스포츠 조명 시장 진출",우리조명(037400)
936,"시스템 반도체 기반 자동차 및IoT 분야의 통신,보안 솔루션 전문기업",라닉스(317120)
937,디스플레이 검사장비 및 이차전지 제조장비 전문업체,디이엔티(079810)
938,우수한 기술력과 글로벌 생산역량을 보유한 스피커 전문 제조기업,에스텍(069510)
939,바이오와 의료기기를 중심으로 'Bio Management Platform' 구축,시너지이노베이션(048870)
940,"국내 전시문화산업 선도기업, 글로벌 에듀테크 기업으로 도약",시공테크(020710)
941,"치과용 영상진단기기 전문기업, 장기 성장 동력 확보를 위한 사업 영역 다각화 시도",바텍(043150)
942,휴대폰용 카메라 모듈 전문 제조업체,파트론(091700)
943,모든 생명의 공존을 위한 바이오산업의 선두를 목표로 하는 기업,코미팜(041960)
944,끊임없는 설계기술 개발을 통한 통신용 반도체 선도기업,아이앤씨(052860)
945,자전거에서 Personal Mobility 전문기업으로 변신,삼천리자전거(024950)
946,광전송 장치 전문기업,옵티시스(109080)
947,다양한 종류의 리튬일차전지 생산이 가능한 세계적 기술을 보유한 선도 기업,비츠로셀(082920)
948,다양한 제품군을 보유한 일반의약품 제조·판매 전문 제약기업,조아제약(034940)
949,핵심 동력 부품 산업의 국내 선두기업,대동기어(008830)
950,자동차용 전장 부품 전문기업으로 기술개발을 통한 신사업 진출,에코캡(128540)
951,자동차 변속기 부품 전문 업체,네오오토(212560)
952,다양한 전방산업의 비디오 기술 수요 확산에 따른 성장 지속 중,칩스앤미디어(094360)
953,건축자재 제작 및 조선용 가공품 제작 전문기업,제일테크노스(038010)
954,반도체용 쿼츠웨어(Quartz Ware) 및 세라믹웨어(Ceramic Ware) 선도기업,원익QnC(074600)
955,"고기능성 및 친환경 합성피혁, 부직포 제조업체",디케이앤디(263020)
956,"첨단 온실 국내 선두기업, 스마트팜 성장에 따른 매출증대 전망",그린플러스(186230)
957,반도체 패키징 및 테스트 전문기업,에이티세미콘(089530)
958,고부가가치 소재 사업을 영위하는 복합소재 전문기업,휘닉스소재(050090)
959,"스마트폰 케이스, 보호필름 등 모바일 액세서리 전문 기업",슈피겐코리아(192440)
960,차세대 면역항암제 기업으로 도약하기 위한 NK세포치료제 개발 주력,엔케이맥스(182400)
961,"자동변속기용 핵심부품 국내 점유율 1위, 글로벌 자동차부품 전문기업",삼보모터스(053700)
962,죽염 원조의 전통성과 전략적 제품 포트폴리오를 바탕으로 한 죽염 제조 전문기업,인산가(277410)
963,"세계 선급협회(DNV, ABS, LR 등) 인증 용접기술(WPS)을 보유한 선체블록 전문 제조업체",메디콕스(054180)
964,디지털콘텐츠 보호 및 미디어 서비스 전문기업,디지캡(197140)
965,헬스케어 사업부문의 비약적인 성장과 K뷰티 시장의 트렌드 선도,서울리거(043710)
966,"국내 유일의 위성시스템 수출업체, 초고해상도 위성 개발 성과 기반 매출 증대 전망",쎄트렉아이(099320)
967,5G 이동통신 장비 핵심 부품 광 트랜시버 전문 제조 업체,오이솔루션(138080)
968,항체신약 및 CAR-T 세포치료제 개발 전문기업,앱클론(174900)
969,약 37년간 축적된 기술력 기반 안정적인 사업을 운영하는 종합건설사,신원종합개발(017000)
970,자동차 클러치 부품 제조 전문기업,서진오토모티브(122690)
971,"화장품 제조 및 풀서비스 전문기업, 자회사를 통한 사업 영역 확대로 성장 동력 확보",씨티케이코스메틱스(260930)
972,국내 식자재 유통 및 푸드서비스 선도 기업,CJ프레시웨이(051500)
973,"호남지역 최대 폐기물 처리업체, 안정적인 캐시카우 확보",와이엔텍(067900)
974,"반도체 패키징 및 테스트 전문기업, 중장기 성장 사이클 진입",윈팩(097800)
975,반도체 패키징 및 테스트 시장을 선도하는 기업,SFA반도체(036540)
976,친환경·IT기술을 접목한 건축설계&CM 분야 전문 글로벌 기업,희림(037440)
977,독점 공급권역을 기반으로 한 서부경남 에너지파트너,지에스이(053050)
978,"의료용, 산업용 이미징 솔루션 전문 기업",뷰웍스(100120)
979,끊임없는 기술개발을 통한 차세대 이동통신 네트워크 장비 선도기업,쏠리드(050890)
980,자체 개발 플랫폼을 갖추고 글로벌 전문기업에 도전하는 방사성의약품 개발업체,퓨쳐켐(220100)
981,지능형교통시스템 전문기업,데일리블록체인(139050)
982,"고품질의 골재, 아스콘, 레미콘을 생산, 대구 전역에 공급",보광산업(225530)
983,Kinloch Anderson의 고급스러움을 기조로 운영되는 남성패션기업,원풍물산(008290)
984,리튬이온 이차전지 조립공정의 종합솔루션 제공 전문기업,엠플러스(259630)
985,약품 조제 및 관리 자동화 기술 선도기업,제이브이엠(054950)
986,"신약연구개발 기술 기반으로 항체의약품, 합성신약 개발사업 지속 확대 중",레고켐바이오(141080)
987,다양한 제품 포트폴리오 구축을 통한 체외진단 분야의 솔루션 제공,바디텍메드(206640)
988,비메모리 제품의 비중 확대와 반도체 업황 변화로 실적 회복,ISC(095340)
989,전자제품 제조(EMS) 전문기업,피제이전자(006140)
990,대한민국 대표 문화 콘텐츠 전문기업,예스24(053280)
991,스마트 팩토리 인공지능 솔루션에서 스마트 라이프 인공지능 솔루션으로 사업 다각화 중,라온피플(300120)
992,"디지털 전력기기 전문기업, 스마트그리드 시장 성장에 따른 수요 확대 예상",피앤씨테크(237750)
993,광학 모듈 제조 전문 기업,아이엠(101390)
994,나노소재기술 기반의 첨단소재 전문기업,아모그린텍(125210)
995,도전과 혁신으로 성장하는 PCB 제조 전문기업,디에이피(066900)
996,천연물 소재 연구개발 역량과 생산역량을 기반으로 외형 성장 중,콜마비앤에이치(200130)
997,"감염관리, 비임상 CRO 및 신약개발 플랫폼 기업",우정바이오(215380)
998,유전자 진화기술에 특화된 바이오기업,아미코젠(092040)
999,"건설중장비 하부주행체 부품 전문 제조기업, 연료전지 부품사업 확대 중",진성티이씨(036890)
1000,디스플레이 제조설비 전문기업,디엠에스(068790)
1001,변속기 유압 솔레노이드 밸브 등의 자동차 부품 제조 전문기업,유니크(011320)
1002,자동차 전장 및 전기차 부품 전문기업,영화테크(265560)
1003,국내 오리 업계 최초 상장 기업,정다운(208140)
1004,건설기계용 주강품 제작 전문기업,동일금속(109860)
1005,"냉연강판 전문기업, 스마트 산세처리 공장 구축",동국산업(005160)
1006,"냉간압조용 강선 전문기업, 해외시장 등으로 판매처 다변화",대호피앤씨(021040)
1007,MMORPG 게임의 선두 주자,펄어비스(263750)
1008,"반도체 및 디스플레이, 태양전지 제조장비 제조 및 판매 전문기업",주성엔지니어링(036930)
1009,기술혁신으로 성장하는 반도체 검사장비용 PCB 제조 전문기업,타이거일렉(219130)
1010,CCSS 제조 기술을 기반으로 안정적인 매출 시현,에스티아이(039440)
1011,국내 1위의 치과용 임플란트 기업,오스템임플란트(048260)
1012,중전기기 분야의 신제품 출시로 점유율 확대,제룡전기(033100)
1013,기간통신망 사업자 선도 기업,세종텔레콤(036630)
1014,제약기술과 미생물 기술에 기반을 둔 농업용 및 인체용 제품 연구개발,우진비앤지(018620)
1015,독자적인 원천기술 확보와 전략적 포트폴리오를 바탕으로 한 핵산치료제 개발 전문기업,올릭스(226950)
1016,비마약성 진통제 OLP-1002 호주 임상1b상 승인,올리패스(244460)
1017,"바이오 제약 전문기업, 토탈 헬스케어 리더 기업으로 사업 다각화",동구바이오제약(006620)
1018,체외진단용 의약품 및 의료기기 개발 및 제조기업,녹십자엠에스(142280)
1019,디스플레이 검사장비 전문업체,동아엘텍(088130)
1020,차량 공조시스템 부품 글로벌 전문기업,우리산업(215360)
1021,"고객감동과 첨단기술개발의 중심, 글로벌 자동차부품 전문기업",구영테크(053270)
1022,온라인 전자문서 개발 및 서비스 국내 시장 선도 기업,비즈니스온(138580)
1023,세계적인 엔지니어링 플라스틱소재 전문기업,에스폴리텍(050760)
1024,화장품 ODM 및 브랜드 사업을 영위하는 수출 중심 기업,본느(226340)
1025,"마스크팩, 기초화장품 전문 기업, 유통망 확대를 위한 해외 시장 공략",리더스코스메틱(016100)
1026,휴게소 및 주유소 운영을 통해 안정적인 캐시카우 확보,위즈코프(038620)
1027,화학제품 및 건축자재 유통 전문기업,원익큐브(014190)
1028,반도체 검사장비 선도기업,유니테스트(086390)
1029,"반도체 장비 제조 전문기업, 기술력 확보 및 시장 확대를 통한 성장 지속",유니셈(036200)
1030,실용적이고 멋스러운 스타일링을 주도하는 여성의류 전문 브랜드,패션플랫폼(225590)
1031,표면 실장 기술을 활용하여 FPCA(Flexible Printed Circuit Assembly) 제조,디케이티(290550)
1032,국내 RF 부품 생산 선도기업,RFHIC(218410)
1033,국내 최초 창고 자동화 시스템을 구축한 물류/공정 자동화 산업의 선두기업,에스엠코어(007820)
1034,8년 연속 충북 내 1위 대표적인 종합건설사,대원(007680)
1035,자동차 도어 부품 전문 제조기업,평화정공(043370)
1036,"국내 시트히터 선두업체, 사업다각화 및 기술개발 기반 신규매출 전망",광진윈텍(090150)
1037,공인인증서비스 국내 최초 인증기관,한국정보인증(053300)
1038,세계 가공업계에서 인정받은 CNC자동선반 전문기업,넥스턴(089140)
1039,스마트 팩토리 산업의 선두 기업,포스코ICT(022100)
1040,디스플레이용 반도체 선도 기업,티엘아이(062860)
1041,차량용 블랙박스 및 내비게이션 선도 기업,파인디지털(038950)
1042,최고의 초정밀 기술과 축적된 경험의 DEEP DRAWING에 의한 2차전지 분야의 글로벌 혁신 기업,상신이디피(091580)
1043,"국내 피부 세포치료제 선도기업, 미래 성장을 준비하는 신규 개발 파이프라인 확대",테고사이언스(191420)
1044,"29년 업력의 클린룸, 수장, 파티션, 인테리어 공사 전문 기업",엑사이엔씨(054940)
1045,"3D 검사장비 전문 제조기업, 수술용 로봇 출시로 사업 다각화 예정",고영(098460)
1046,"육계 계열화 사업을 통한 육계 산업 선도 기업, 추가 공장 구축 위한 투자협약 체결",동우팜투테이블(088910)
1047,체계화된 생산 인프라와 다양한 제품 포트폴리오를 기반으로 배합사료 전문기업으로 성장,대주산업(003310)
1048,우수한 기술력과 생산능력을 보유한 하이드로겔 마스크팩 선두기업,제닉(123330)
1049,포스코 및 현대제철 철강재 전문 가공업체,삼현철강(017480)
1050,고부가가치의 알루미늄 소재 전문 기업,삼보산업(009620)
1051,"출판사업과 온·오프라인 교육사업, 단체급식사업 및 투자사업을 영위하는",메가스터디(072870)
1052,"PDRN/PN 분야 국내 선도 기업, 수출 확대를 통한 성장 기대",파마리서치프로덕트(214450)
1053,애니메이션 기반의 종합엔터테인먼트 기업,대원미디어(048910)
1054,미래 반도체 패키지 대응 기술력을 갖춘 공정장비 전문기업,프로텍(053610)
1055,메모리 반도체 웨이퍼 검사장비 선도 기업,와이아이케이(232140)
1056,SSD 제조공정에 일익을 담당하는 반도체 소재 전문기업,KMH하이텍(052900)
1057,포장산업을 선도하는 골판지(상자) 전문 제조 기업,삼보판지(023600)
1058,물류/유통을 넘어 엔터테인먼트 분야로의 사업 확장,W홀딩컴퍼니(052300)
1059,광학설계 기술 기반으로 광학렌즈를 제조하는 정밀 광학,디지탈옵틱(106520)
1060,친환경 자동차 시대를 준비하는 자동차 점화시스템 전문기업,유라테크(048430)
1061,리튬이온전지 양극활물질 전문 제조업체로 업계 유일 NCA 및 NCM 양극 소재 생산 가능,에코프로비엠(247540)
1062,빅데이터 분석 기반의 솔루션 개발 및 시스템구축 서비스 제공,데이타솔루션(263800)
1063,"골이식재 전문기업, 글로벌 신약개발 전문기업으로 사업 다각화",오스코텍(039200)
1064,선박용 파이프 스풀 전문기업,동방선기(099410)
1065,"국내 커피 업계 최초 코스닥 상장 기업, 제약 사업부의 물적분할로 전문성 제고",한국맥널티(222980)
1066,"토목 공사용 특수 자재 제조, 시공 전문기업",코리아에스이(101670)
1067,"친환경 신재생에너지 전문기업, 친환경에너지 정책 확대로 수혜 전망",제이씨케미칼(137950)
1068,"알루미늄 폼 국내 시장 점유율 1위, 수익성 제고를 위해 갱폼 사업부분 양도",삼목에스폼(018310)
1069,국내 영어 학원에서 한국형 ELS 영어교육을 수출하는 회사로 성장,청담러닝(096240)
1070,아날로그 반도체 집적회로 설계 전문 팹리스 반도체 기업,동운아나텍(094170)
1071,"비혈관 스텐트 전문기업, 사업다각화로 경쟁력 확보",엠아이텍(179290)
1072,"바이오인식 전문 기업, 진입장벽이 높은 보안산업 분야 강자",슈프리마(236200)
1073,과적차량 단속 시스템을 중심으로 한 지능형 교통체계 분야의 선도기업,에스에이티(060540)
1074,"프리미엄 백신 개발 추진, 신규 CRMO 수주 등 사업 다각화",유바이오로직스(206650)
1075,유전체 분석기술 기반의 개인 맞춤형 스마트 헬스케어 전문기업,EDGC(245620)
1076,"디스플레이 제조장비, 3D 센서모듈, 수술로봇 제조 및 개발 전문기업",미래컴퍼니(049950)
1077,"스티어링 휠 전문업체, 고성능 제품군 및 생산 인프라 기반 선두지위 유지",대유에이피(290120)
1078,"크레인 및 특장차 전문기업, 친환경 유압 기술 보유",광림(014200)
1079,"사료첨가제 및 동물약품 개발 및 제조기업, 해외 시장으로 사업 확대",진바이오텍(086060)
1080,인터넷 인프라 토탈 서비스 제공 전문기업,케이아이엔엑스(093320)
1081,세계 보안을 지키는 글로벌 기업(One Step Ahead),이글루시큐리티(067920)
1082,대한민국 농업의 미래를 이끌어가는 리딩 기업,효성오앤비(097870)
1083,50년간 국내 산업 발전과 함께 성장해 온 철강소재 전문 강소기업,동일철강(023790)
1084,"전선 제조용 동선 및 전장품 전문기업, 해외전선 시장 등으로 사업 다각화",KBI메탈(024840)
1085,독자적인 실리콘 고무 제조 기술을 기반으로 고부가가치 산업을 선도하는 기업,HRS(036640)
1086,"국내 ELT 영어교재 전문기업, 독자적인 콘텐츠 개발역량 보유",이퓨쳐(134060)
1087,골드키즈 및 텐 포켓 시장 공략 프리미엄 브랜드 유아동 신발 전문업체,토박스코리아(215480)
1088,수산물 가공 및 축육 유통 전문기업으로 사업 다각화를 통한 성장모멘텀 확보 필요,신라에스지(025870)
1089,반도체 산업의 설비 투자 회복 전망으로 실적 반등 예상,테스(095610)
1090,반도체 재료 및 제조 장비산업 시장 성장세를 통한 실적 기대 전망,오션브릿지(241790)
1091,반도체 산업의 지속 성장을 이끌어갈 칩리스(Chipless) 기업,에이디테크놀로지(200710)
1092,"최고가 아니면 만들지 않는, 침대 1위 기업",에이스침대(003800)
1093,X-ray 장비 핵심기술 기반으로 메디컬 및 덴탈 X-ray 사업역량 지속 확장,제노레이(122310)
1094,"One-Stop 생산시스템 구축, 복강경 수술용 기구 제조 전문기업",세종메디칼(258830)
1095,"금형기술을 기반으로 한 부품제조 전문기업, 휴대폰 부품으로 시장 내 인지도 강화",재영솔루텍(049630)
1096,"글로벌 기술선도 바이오 기업, 독자적 기술력으로 기술 이전 성과 창출",알테오젠(196170)
1097,"‘이뮨셀엘씨주’ 판매 호조, 글로벌리더로 도약하기 위한 CAR-T세포치료제 개발 박차",녹십자셀(031390)
1098,"줄기세포 분리배양 원천기술 보유, 줄기세포 치료제 및 배양액 개발, 제조기업",강스템바이오텍(217730)
1099,음식료품 OEM 전문기업 생산 인프라와 다양한 제품 포트폴리오를 바탕으로 안정적인 경영,푸드웰(005670)
1100,"건강기능식품 전문기업, 기능성 신소재 원천기술 개발에 주력",에이치엘사이언스(239610)
1101,"표준 플레이트 전문기업, 금형용 플레이트 시장 공략 및 B2B 통합수주시스템 오픈",신진에스엠(138070)
1102,"국내 합성왁스 1위 기업, 인조대리석 분야 세계 시장 선도 기업",라이온켐텍(171120)
1103,독자적인 솔루션 구축을 통해 광고대행 분야 국내 최초 코스닥 상장,이엠넷(123570)
1104,"머신 비전 기반 반도체 외관검사장비 전문 기업, 인텍플러스",인텍플러스(064290)
1105,신제품·신공정에 신속히 대응하는 반도체 검사 장비 제조 기업,엑시콘(092870)
1106,검출능력 향상을 위한 AI 알고리즘으로 검사장비 성능 개선,성우테크론(045300)
1107,글로벌 바이오 장비 전문기업을 목표로 사업 다각화,로고스바이오(238120)
1108,"대기오염방지 토탈솔루션 전문기업, 기술력 확보 및 시장 확대를 통한 성장 지속",에코프로(086520)
1109,"무선통신중계기, 이차전지 충방전시스템 제조 전문기업",삼지전자(037460)
1110,"유체기계 전문기업, 국내 정유/화학 증설 지속에 따른 성장 예상",영풍정밀(036560)
1111,내실경영으로 다져진 종합건설 전문기업,삼일기업공사(002290)
1112,"계장용 피팅, 밸브에서 반도체, 수소 분야로 사업 확대",디케이락(105740)
1113,헬스케어 IT의 새로운 패러다임을 제시하는 기업,인피니트헬스케어(071200)
1114,"주물 산업의 선두주자, 전통산업에서부터 신재생 에너지 등 다양한 산업분야로 진출",대동금속(020400)
1115,최고의 IT 기술과 첨단 기술이 접목된 최신 제품 공급 서비스,제이씨현시스템(033320)
1116,역대 최고 실적을 향해 가는 반도체 후공정 장비 전문 기업,제너셈(217190)
1117,소재·부품·장비 산업 국산화한 레이저 가공 솔루션 업체,이오테크닉스(039030)
1118,히터블록 및 전구체 국산화를 통한 기술적 우위 확보,메카로(241770)
1119,글로벌 위성통신 안테나 시스템 선도 기업,인텔리안테크(189300)
1120,"국내 피부 이식재 선두기업, 중국 조인트벤처 설립으로 중국 시장 진출 시도",엘앤씨바이오(290650)
1121,"자동차 시트 부품 전문기업, 최종 수요처 신차 출시에 따른 수주실적 호조로 매출 반등",현대공업(170030)
1122,온라인 만화 기반 사업에서 온라인 콘텐츠 공급 전문기업으로 성장 주목,미스터블루(207760)
1123,게임 명가 재건 및 사업 다각화를 통한 시장 확대,한빛소프트(047080)
1124,"고순도 특수가스 제조 전문기업, 전구체 화합물 개발로 장기 성장 동력 확보",원익머트리얼즈(104830)
1125,"B2B 핀테크 전문기업, 언택트 기조로 성장 가속화",웹케시(053580)
1126,원자현미경 시장의 확대로 지속적인 성장이 기대되는 기업,파크시스템스(140860)
1127,"국내 최초 전자약 분야 전문기업, 난치성 뇌 질환 분야에서 세계 최초 원천기술 확보",리메드(302550)
1128,"토탈 메디컬 에스테틱 전문기업, 미용 및 치료제 영역 확대로 글로벌 시장 진출",휴젤(145020)
1129,사업다각화로 재도약하는 광주/전남지역 대표 건설사,남화토건(091590)
1130,가격비교서비스 제공으로 온라인쇼핑 경쟁력을 갖춘 종합쇼핑포털 전문기업,다나와(119860)
1131,"화장품 ODM 전문기업, 자사 브랜드 강화 및 유통채널 확대로 경쟁력 확보",아우딘퓨쳐스(227610)
1132,모바일 커머스 전문 기업,옴니텔(057680)
1133,최고의 교육 콘텐츠 서비스를 제공하는 국내 대표 지식기업,메가스터디교육(215200)
1134,자체 플라즈마 소스 기술 기반 건식 식각 장비 국산화로 저변 확대 중,에이피티씨(089970)
1135,인공지능 기술 도입을 통해 스마트 팩토리 및 시스템 검증 분야의 시장 선도,링크제니시스(219420)
1136,"원료의약품 생산 역량 보유, 자체 파이프라인 임상 진입",에스티팜(237690)
1137,자동차/가전용 금형 굴지의 기업,나라엠앤디(051490)
1138,레디얼 포징 등의 단조 공법으로 기술적 우위 확보,한일단조(024740)
1139,"전자부품용 고기능성 화학소재 전문기업, 5G 기판용 화학소재 등 개발 추진",와이엠티(251370)
1140,폴리우레탄 소재 초저온 보냉재 국산화 개발로 국내시장 점유율 과반 확보,동성화인텍(033500)
1141,"‘19패스’ 출시 성공으로 최대실적 달성, 사업 다각화로 성장세 지속 전망",디지털대성(068930)
1142,반도체 장비 부품 세정 및 코팅 전문기업,코미코(183300)
1143,"검사용 프로브, 반도체 검사용 소켓, 의료기 부품 전문기업으로 성장 지속",리노공업(058470)
1144,"슈퍼EP 제조기술 기반 첨단소재·부품 전문기업, 사업 다각화를 통한 불황 위기 극복",상아프론테크(089980)
1145,안정적 매출의 폐기물 사업과 성장이 기대되는 신재생에너지 사업의 조화,KG ETS(151860)
1146,"히알루론산 필러, 골관절염 치료제 전문기업, 에스테틱 기업으로 성장 본격화",휴메딕스(200670)
1147,리포팅 & 전자문서 솔루션 1위 기업,포시에스(189690)
1148,"FPS 게임의 선두 기업, VR·AR 부문 확장을 통한 재도약 도전",드래곤플라이(030350)
1149,코로나19 확산과 원격의료 및 비대면 헬스케어 사업 확장에 따른 성장세 기대_,네오펙트(290660)
1150,국내 1위 부가세 환급(Tax Refund) 대행사,글로벌텍스프리(204620)
1151,"휴대폰용 RF 필터제품 선도기업, 5G기반 재도약",와이솔(122990)
1152,반도체 패키징 및 테스트 전문기업,하나마이크론(067310)
1153,"영화제작, 투자, 배극업 등 종합 콘텐츠 미디어 기업",쇼박스(086980)
1154,사업모델 기반 특례상장 콘텐츠 기업,캐리소프트(317530)
1155,옥외광고용 플렉스 원단 전문 글로벌 기업,스타플랙스(115570)
1156,전방 산업 초소형 세라믹 비드 수요 증가에 따른 성장 잠재력 내재,쎄노텍(222420)
1157,차량 음성인식 소프트웨어 통합 플랫폼 전문기업,미디어젠(279600)
1158,고객의 가치창조에 기여하는 최적의 ICT 서비스 제공,아이티센(124500)
1159,건강기능식품 및 바이오 헬스케어 전문기업,팜스빌(318010)
1160,이차전지 생산 자동화설비 전문기업,디에이테크놀로지(196490)
1161,제대혈 줄기세포 보관사업과 이를 활용한 치료제 개발 전문회사,메디포스트(078160)
1162,AI기반신약개발및정밀의료서비스전문기업,신테카바이오(226330)
1163,마케팅종합플랫폼보유로 제2의도약,에스엠컬처앤콘텐츠(048550)
1164,AI비전솔루션 선도기업,라온피플(300120)
1165,무선충전 부문과 FPCB 부문으로 사업영역 확대,멜파스(096640)
1166,전자파 규제 강화와 태양광·ESS·전기자동차 시장 성장에 따른 수혜 기대,상신전자(263810)
1167,유·무선 네트워크 장비 제조 전문기업,유비쿼스(264450)
1168,광융착접속기 국산화 선두기업,이노인스트루먼트(215790)
1169,RF 무선통신장비 전문기업,케이엠더블유(032500)
1170,바이오인식 시스템 전문 기업,슈프리마(236200)
1171,보툴리눔 톡신 사업을 영위하고 있는 지주회사,휴온스글로벌(084110)
1172,ADC 플랫폼 개발 전문기업,레고켐바이오(141080)
1173,국내 자동차 트랜스미션 부품 제조 전문기업,경창산업(024910)
1174,자연의 맛을 담아내는 기업,우양(103840)
1175,파인다이닝 직영점 운영 확대와 연안식당 가맹점 증가에 따른 성장세 기대,디딤(217620)
1176,"통합운영지원솔루션 전문기업, 5G 및 IoT 산업으로 진출",엔텔스(069410)
1177,통합 전자결제 서비스를 기반으로 도약,KG이니시스(035600)
1178,신개념 패치 제조 전문 기업,라파스(214260)
1179,닭가슴살을 비롯한 HMR 전문 플랫폼 기반 유통 기업,푸드나무(290720)
1180,"국내 콘택트렌즈 제조 1위 기업, 기능성 렌즈 시장으로 사업 다각화",인터로조(119610)
1181,카메라용 교환렌즈 전문기업,삼양옵틱스(225190)
1182,"국내 레이저 의료기기 1위 기업, 기술력을 기반으로 사업 다각화",루트로닉(085370)
1183,디지털 덴티스트리 토탈 솔루션 기업,레이(228670)
1184,용인신공장 증축에 따른 생산역량 확대 기대,로체시스템즈(071280)
1185,시스템반도체 테스트 전문업체,테스나(131970)
1186,대규모 설비투자로 매출증대 기반마련,하이셈(200470)
1187,자동차 부품 표면처리(수압전사) 전문기업,한국큐빅(021650)
1188,"갠트리 로봇 시스템 전문 메이커, 자동화를 넘어 스마트 팩토리로",에스피시스템스(317830)
1189,파우치형 보급 확대와 캐나다 월마트 납품에 따른 성장세 기대,제이브이엠(054950)
1190,ESCO 사업과 바이오 사업 영위,에이치엘비생명과학(067630)
1191,마이크로바이옴 리더로 도약을 위한 발판 마련,천랩(311690)
1192,"신약임상 순항중, 장기성장 기대",테고사이언스(191420)
1193,대기환경 솔루션 선도기업,에코프로(086520)
1194,디지털 엑스레이 디텍터 및 소재 산업 기술력 보유기업,레이언스(228850)
1195,"바이오, 메디컬 분석 및 진단 시스템 핵심기술 보유기업",마이크로디지탈(305090)
1196,축적된 기술력을 기반으로 꾸준한 성장 기대,주성엔지니어링(036930)
1197,OLED 공정 장비 제조 전문 기업,힘스(238490)
1198,디스플레이 공정용 Bonder 전문기업,(디에스케이)
1199,반도체 세정 장비 및 LCD Transfer System 전문기업,제우스(079370)
1200,면역항암제 개발 전문기업,유틸렉스(263050)
1201,테슬라요건 특례상장으로 기업 확장 기반 마련,제테마(216080)
1202,전력변환장치 기반의 신재생에너지 전문기업,윌링스(313760)
1203,바이오마커 기반의 신약 개발 기업,메드팩토(235980)
1204,카메라 고도화 위한 카메라모듈 검사장비 제조기업,이즈미디어(181340)
1205,비가열 처리 식음료 분야의 선두주자,흥국에프엔비(189980)
1206,글로벌 기능성 식품소재 전문 기업,네오크레마(311390)
1207,상품 유통 및 영상보안 장비 전문기업,대명코퍼레이션(007720)
1208,hyFc와 DNA치료백신기술 기반의 바이오의약품 개발 기업,제넥신(095700)
1209,"디스플레이 산업의 성장, 신규 수주 전망",티로보틱스(117730)
1210,바이오 진단 전문기업,수젠텍(253840)
1211,플랫폼 기반 글로벌 신약 개발 전문 기업,압타바이오(293780)
1212,액티브 나노 플랫폼 토대의 사업체계 구축,나노브릭(286750)
1213,"에듀테크 선도기업, AI 교육 플랫폼 구축으로 서비스 경쟁력 강화",아이스크림에듀(289010)
1214,글로벌 브랜드의 재해석; 브랜드에 새로운 생명력을 불어넣는 기업,에스제이그룹(306040)
1215,희귀의약품 연구개발 전문기업,티움바이오(321550)
1216,원천기술확보를 통한 경쟁력 확보,리메드(302550)
1217,반도체 패키징 및 테스트 전문기업,에이티세미콘(089530)
1218,디스플레이 반도체 제조공정용 장비제조 및 소재 기술력 기업,케이엔제이(272110)
1219,일상으로 스며든 패션과 예술의 하모니,까스텔바작(308100)
1220,염모제 중심에서 토탈 코스메틱 기업으로 성장,세화피앤씨(252500)
1221,세계 인공지능 의료시장을 선도하는 전문 기업,제이엘케이인스펙션(322510)
1222,스마트 팩토리의 핵심 솔루션 개발 및 시스템 구축 전문 기업,티라유텍(322180)
1223,풍력발전기용 베어링 산업을 리드하는 선도기업,씨에스베어링(297090)
1224,스마트 팩토리 자동화 설비구축 전문기업,코윈테크(282880)
1225,개인의 환경과 특성을 생각한 맞춤형 헬스케어 전문기업,녹십자웰빙(234690)
1226,휴대폰 시장 회복에 따른 매출성장 기대감 높음,동양이엔피(079960)
1227,스마트폰 특수필름 및 복합소재 가공 전문기업,세경하이테크(148150)
1228,바이오인식 솔루션 선도기업,슈프리마아이디(317770)
1229,데이터센터용 및 광통신용 AWG(어레이도파로회절격자) 전문기업,피피아이(062970)
1230,통신용 시험/계측기 및 Small Cell 전문기업,이노와이어리스(073490)
1231,화합물 반도체 패키지 전문 기업,메탈라이프(327260)
1232,시스템 반도체 기반 통신/보안 솔루션 전문기업,라닉스(317120)
1233,고성능 브레이커 및 다양한 제품군으로 세계 시장 공략,대모(317850)
1234,국내 최고 수준의 닭고기 가공 브랜드,마니커에프앤지(195500)
1235,국제 물류주선 3PL 전문 기업,태웅로직스(124560)
1236,이커머스 특화 토탈 플랫폼 전문업체,코리아센터(290510)
1237,네트워크 보안 전문 기업,윈스(136540)
1238,핀테크 전문기업,세틀뱅크(234340)
1239,철강산업의 혁신과 개척을 주도하는 기업,제일제강(023440)
1240,절삭공구 제조 글로벌기업,와이지-원(019210)
1241,사람과 환경을 생각하는 기업,엔바이오니아(317870)
1242,첨단온실 국내 1위의 녹색기업,그린플러스(186230)
1243,보안SW 전문기업,지란지교시큐리티(208350)
1244,"국내 1위 직판여행사, OTA 사업 강화",노랑풍선(104620)
1245,상용여행 글로벌 기업,세중(039310)
1246,최첨단 반도체 및 OLED 검사 장비 전문 기업,티에스이(131290)
1247,창의적인 인재육성과 선도기술을 바탕으로 끊임없이 변화하는 기업,싸이맥스(160980)
1248,글로벌 시장 진출에 따른 성장 기대,CJ프레시웨이(051500)
1249,국내 대표 전자상거래 기업,인터파크(108790)
1250,독보적인 기술력을 통한 글로벌 콘텐츠 제작 전문기업,위지윅스튜디오(299900)
1251,산업용 관이음쇠(FITTING) 산업을 리드하는 선도기업,성광벤드(014620)
1252,불소계 소재 국산화로 신성장 동력 확보,켐트로스(220260)
1253,죽염 및 죽염응용식품 전문 제조·유통 기업,인산가(277410)
1254,의약품 제조 전문 기업,경동제약(011040)
1255,RNA 치료제 플랫폼 기술 보유한 신약개발전문기업,올리패스(244460)
1256,한국을 대표하는 뉴스전문 채널,와이티엔(040300)
1257,OLED 대형 증착기 및 증착시스템의 국내 유일한 양산경험업체,야스(255440)
1258,OLED 및 태양전지 증착 장비로 성장기회 마련,아바코(083930)
1259,생산능력 확대를 통한 도약 기대,코스온(069110)
1260,이태리 식자재 수입·유통 전문기업,보라티알(250000)
1261,Haptic 및 Touch 반도체 설계 글로벌 선도기업,이미지스(115610)
1262,식각장비 국산화를 통한 경쟁력 확보,아이씨디(040910)
1263,OLED 소재 제조 국산화에 성공한 선도기업,덕산네오룩스(213420)
1264,축적된 기술력을 기반으로 꾸준한 외형성장 기대,AP시스템(265520)
1265,워터스포츠의류 전문기업,배럴(267790)
1266,바이오인식 솔루션 선도기업,유니온커뮤니티(203450)
1267,초정밀 커넥터 전문기업,우주일렉트로(065680)
1268,로봇모션 제어 국산화 기술 보유,알에스오토메이션(140670)
1269,영상보안 토탈 솔루션 전문기업,아이디스(143160)
1270,"안과치료제, 항생제 등 전문의약품 생산기업",삼천당제약(000250)
1271,48년 건설 외길 종합건설사,서한(011370)
1272,로봇 산업의 지원정책 강화로 긍정적인 수주 전망,맥스로텍(141070)
1273,반도체 장비 Refurbishment 전문기업,러셀(217500)
1274,B2B 전자상거래 사업과 고성장 전시 주최 사업의 시너지 효과 기대,이상네트웍스(080010)
1275,"교육용 로봇 전문기업, 해외시장 확대로 매출성장 기대",로보로보(215100)
1276,PC주변기기 및 소프트웨어 유통 플랫폼 기업,제이씨현시스템(033320)
1277,무선통신 기술 기반 4차 산업혁명 선도기업,인포마크(175140)
1278,"정밀가공, 세정 및 코팅 기술로 안정적 영업활동 기대",아이원스(114810)
1279,면역진단용 체외진단 의료기기 제조업체,피씨엘(241820)
1280,우수한 정비인력 양성 및 기술력 기반 사업영역확대,일진파워(094820)
1281,제품 다변화 및 해외 서비스 강화 통한 외형성장 기대,인베니아(079950)
1282,국내 자동차 차체 부품 및 최첨단 금형제작 전문기업,일지테크(019540)
1283,풍부한 기술력을 보유한 배합사료 전문기업,한일사료(005860)
1284,고객의 가치창조에 기여하는 최적의 ICT 서비스 제공,대신정보통신(020180)
1285,신재생에너지 및 이차전지 소재 신사업 추진 기대,삼원테크(073640)
1286,"다양한 장르의 게임 라인업을 확보한 게임 개발사, e-스포츠와 MCN 비즈니스로 확장 진행 중",넵튠(217270)
1287,디스플레이 및 반도체 제조 공정용 소재 기술력을 기반으로 도약,엘티씨(170920)
1288,유무선통신장비 사업을 포괄하고 있는 통신장비 전문업체,다산네트웍스(039560)
1289,"바이오 R&D 센터, 감염관리, CRO 및 신약개발 플랫폼 기업",우정바이오(215380)
1290,고부가가치 기술을 통한 글로벌 자동차 부품 기업으로의 도약,에코플라스틱(038110)
1291,산업용 기초소재 제조 전문기업으로 도약,풍국주정(023900)
1292,헬스케어 IT 솔루션 기술력을 기반으로 도약,케어랩스(263700)
1293,"기업용 시스템 구축 및 통합과 솔루션 개발, 공급 IT 전문기업",정원엔시스(045510)
1294,세계적인 자동차 인포테인먼트 솔루션 전문기업,모바일어플라이언스(087260)
1295,국내 최초 저탄소 제품 인증의 레미콘 선도기업,유진기업(023410)
1296,2019년 5월 중국 공장 준공 및 본격 가동,연우(115960)
1297,차량용 반도체 팹리스 글로벌 선도기업,텔레칩스(054450)
1298,반도체 전공정 장비 전문 기업,테스(095610)
1299,체외진단기기 전문기업,휴마시스(205470)
1300,침구를 주력으로 성장세 지속,웰크론(065950)
1301,글로벌 피부 미용 의료기기 전문 기업,하이로닉(149980)
1302,"국내 덴탈 이미징 1위 기업, 치료기기 및 첨단소재 시장으로 사업 다각화",바텍(043150)
1303,나노기술 및 신소재 전문기업,아모그린텍(125210)
1304,이차전지 산업 성장으로 국내외 대규모 수주 전망,엔에스(217820)
1305,높은 국내 점유율을 기반으로 세계시장 진출,에코마이스터(064510)
1306,프리미엄 휴양 & 라이프스타일 콘텐츠 창출,아난티(025980)
1307,IT 인프라 기반 종합신용정보 전문 기업,SCI평가정보(036120)
1308,반도체 후공정 자동화장비 전문기업,테크윙(089030)
1309,"열원제어, 진공배기 및 열풍제어 등에 대한 원천기술 확보",예스티(122640)
1310,B2B 핀테크 전문기업,웹케시(053580)
1311,세계 치과계를 선도하는 초일류 기업,오스템임플란트(048260)
1312,인체조직이식재 및 실리콘 폴리머 제품 개발·공급 전문기업,한스바이오메드(042520)
1313,천연물 기반의 건강기능식품 및 화장품 신소재 연구개발 기업,콜마비앤에이치(200130)
1314,디스플레이/이차전지 검사장비 전문기업,브이원텍(251630)
1315,"신사업으로 차량용 섀시, 전기차 부품 분야 진",삼기오토모티브(122350)
1316,인류와 자연의 조화를 통해 행복한 삶의 가치를 열어가는 기업,팜스토리(027710)
1317,전자세금계산서 시장의 선두주자로 양호한 성장세 지속,비즈니스온(138580)
1318,"영화의 감동, 드라마의 공감, 음악의 즐거움, 스포츠의 환희를 추구하는 종합 콘텐츠 미디어 기업",NEW(160550)
1319,개발 역량 강화를 통한 수술로봇 플랫폼기업으로 도약,큐렉소(060280)
1320,엔젤 산업의 Leading Company,제로투세븐(159580)
1321,디스플레이 검사장비(Displaly Inspection System) 전문기업,이엘피(063760)
1322,신규 사업 투자 확대에 기반한 외형 성장 기대,아바텍(149950)
1323,세계 최초로 음성인식과 AI기술을 탑재한 셋톱박스 개발 기업,가온미디어(078890)
1324,"전문의약품 기반, 연관사업 확장을 통한 성장 지속",휴온스(243070)
1325,엑소좀을 활용한 화장품 브랜드 ‘레드스테믹스’ 론칭 및 발모 촉진장치 관련 특허 취득,프로스테믹스(203690)
1326,체외진단 시스템,아스타(246720)
1327,분자진단용 시약 및 기기개발 원천기술 확보기업,씨젠(096530)
1328,비알콜성 지방간염 ‘NASH’ 치료제 물질특허 확보,바이오톡스텍(086040)
1329,글로벌 임플란트 기업과 조직재생용 바이오소재 추가 공급 계약,나이벡(138610)
1330,M&A를 통한 종합 건설회사로 도약,한국테크놀로지(053590)
1331,틈새시장 발굴로 안정적 건설사업 수행,신원종합개발(017000)
1332,석유화학 투자 사이클 도래로 PCS 수주액 지속 증가 전망,동양피엔에프(104460)
1333,종합 교통 솔루션 기업,에스트래픽(234300)
1334,지능형검침인프라(AMI) 통합 솔루션 전문 기업,누리텔레콤(040160)
1335,씨앤팜과 비타브리드C 제품 관련 특허 양수도 계약 및 신약 관련 사업권 양수(예약) 계약 체결,현대바이오(048410)
1336,"LCD, OLED 패널 TG 전문기업, 무선충전 송수신 분야 입지 강화",켐트로닉스(089010)
1337,High-k 국내 공급 확대 전망 & 소재·부품·장비 강소기업 선정,디엔에프(092070)
1338,수주잔고 재차 증가하며 2020년 국내 본사 매출 증가 전망,나노(187790)
1339,반도체 후공정 장비 및 레이저 커팅장비 수요 증가 기대,코세스(089890)
1340,"검사용 Probe, 반도체 검사용 소켓 전문기업",리노공업(058470)
1341,LED Etcher 성장을 기반으로 매출 다변화 진행중,기가레인(049080)
1342,농업백화점 ‘채가원’ 개점 및 채소 화장품 개발을 통한 사업 다각화,아시아종묘(154030)
1343,베트남 현지 생산법인 설립으로 2020년부터 이익률 개선 예상,노바텍(285490)
1344,스마트폰 카메라 모듈 전문업체로서의 경쟁력 강화,에이치엔티(176440)
1345,"무선통신 광중계기, 이차전지 충방전시스템 제조 및 태양광발전소 시행·시공·유지보수 전문기업",삼지전자(037460)
1346,연성인쇄회로기판(FPCB) 제조 기술력을 기반으로 도약,비에이치(090460)
1347,유무선통신장비 사업을 포괄하고 있는 통신장비 전문업체,머큐리(100590)
1348,첨단 부품소재를 대표하는 글로벌 ICT 부품 전문기업,KH바텍(060720)
1349,‘중증 당뇨병성족부궤양’ 줄기세포 치료제 美 임상 2상 확대,안트로젠(065660)
1350,바이오산업 투자확대에 따른 실적 성장 기대,서린바이오(038070)
1351,DDS기술을 바탕으로 다양한 개량신약 개발 통해 외형성장 기대,비씨월드제약(200780)
1352,현장진단(POCT) 제품의 해외 진출 통해 외형 성장 기대,녹십자엠에스(142280)
1353,주력 R&D 파이프라인 추가 투자 통해 상업화 기대,강스템바이오텍(217730)
1354,OLED 투자 확대에 따른 실적 성장 기대,한송네오텍(226440)
1355,"GV1001, 알츠하이머 등 대상 국내외 임상시험 진행 중",젬백스(082270)
1356,선박용 크레인 및 선박용 구조물 전문기업,오리엔탈정공(014940)
1357,건설기계 및 재난구조 기계 분야를 주도하는 글로벌 종합 중장비 기업,에버다임(041440)
1358,LG그룹 계열사 편입을 통한 그룹간 시너지 효과 기대,로보스타(090360)
1359,Total Marine Solution Provider “KT Submarine”,KT서브마린(060370)
1360,"제품 다각화, 고객 다변화를 통한 글로벌 기업으로 약진",구영테크(053270)
1361,비교우위의 원두커피 경쟁력 확보,한국맥널티(222980)
1362,전 공정 HACCP 인증을 적용한 프리미엄 식품 생산기업,정다운(208140)
1363,"종합 정보보호 컨설팅 및 IT 솔루션 개발, 구축 및 유지보수 전문 기업",에스에스알(275630)
1364,오랜 업력과 기술력을 바탕으로 매출처 확대하며 외형성장 기대,티플랙스(081150)
1365,중국 진출 및 신제품 출시 등을 통한 매출 개선 기대,씨티케이코스메틱스(260930)
1366,끊임없는 도전과 혁신을 통한 글로벌 기업 도약,KBI메탈(024840)
1367,"SSL 가시화 기술 관련 정부 우수제품상 수상 및 특허 취득, 지능형 문서유출방지서비스 MOU 체결 등으로 사업역량 확대",수산아이앤티(050960)
1368,외식 프랜차이즈 전문 기업,해마로푸드서비스(220630)
1369,IT서비스 기반의 해외패션 브랜드 병행수입 및 유통 전문기업,필링크(064800)
1370,IT 부품을 위한 마케팅 및 기술서비스,에스에이엠티(031330)
1371,지속적인 교육콘텐츠 개발과 전략적인 인수합병을 통한 사업 다각화,디지털대성(068930)
1372,"고객 포트폴리오 다변화, 사업영역 확장 기반 실적 성장 기대",윈팩(097800)
1373,특수가스 제조 분야의 국내 선도기업,원익머트리얼즈(104830)
1374,반도체 소재 신제품 출시 및 신사업 확장을 통한 시장점유율 확대,엠케이전자(033160)
1375,도시가스 공급권역 확대를 통한 안정적인 성장 지속,지에스이(053050)
1376,AED 시장점유율 유지 및 사업다각화에 따른 실적 턴어라운드 기대,씨유메디칼(115480)
1377,"국내 1위, 글로벌 3위의 줄자 Maker ‘KOMELON’",코메론(049430)
1378,고객사 플래그십 스마트폰 출시로 외형 성장과 수익성 회복 기대,해성옵틱스(076610)
1379,이동통신용 종합 부품 Maker,파트론(091700)
1380,IT소재의 미래를 열어가는 기업,이녹스첨단소재(272290)
1381,54년 업력의 광원 전문 기업,우리조명(037400)
1382,전자부품과 수처리기술 결합을 통해 지속가능한 성장에 기여,시노펙스(025320)
1383,Label 프린터에 역량 집중하여 외형 성장 지속할 것으로 예상,빅솔론(093190)
1384,초정밀 광전자부품 전문기업,세코닉스(053450)
1385,RNA 치료제 원료의약품 생산 전문기업,에스티팜(237690)
1386,유전체 분석 플랫폼 산업의 글로벌 기업,마크로젠(038290)
1387,소방시설법 시행령 개정과 건축물관리법 제정으로 국내 소방산업 시장 확대,파라텍(033540)
1388,고주파 플라즈마 반도체 핵심부품을 생산하는 글로벌 전문기업,뉴파워프라즈마(144960)
1389,신규 고객사 발굴 및 수주 계약 체결 통해 매출 성장 기대,하이즈항공(221840)
1390,세계 두 번째 항공기 도어시스템용 EPAS 개발/양산,샘코(263540)
1391,육용종계 육성농장 준공 & HMR 신제품 출시,체리부로(066360)
1392,글로벌 프리미엄 유아식/유음료 브랜드로의 입지 구축,매일유업(267980)
1393,전자상거래 종합 솔루션 선도기업,카페24(042000)
1394,"반도체 IP 전문기업, Video IP 수요 증가로 라이선스 매출 확대",칩스앤미디어(094360)
1395,"사설인증 확대, 간편결제 등의 성장으로 외형 성장 기대",이니텍(053350)
1396,"무협 웹툰사업 확장, 에오스 레드 출시로 모바일 게임사업 진출",미스터블루(207760)
1397,"신작게임 출시, M&A와 투자를 통해 게임사업 역량 강화",룽투코리아(060240)
1398,"전자부품용 고부가가치 화학소재 전문기업, IC-Substrate용, 5G 관련 화학소재 개발 추진",와이엠티(251370)
1399,45년 업력으로 구축한 고품질 알루미늄 소재 전문기업,삼보산업(009620)
1400,해상 풍력 구조물 신규 수주 지속 통해 실적 개선 기대,삼강엠앤티(100090)
1401,정부의 ESS 안전대책 마련과 향후 사업 재개에 따른 성장잠재력 보유,보성파워텍(006910)
1402,주요 자회사들의 실적 개선을 바탕으로 추가 성장 기대,브레인콘텐츠(066980)
1403,"우리 아이 첫 걸음, 토박스코리아와 함께",토박스코리아(215480)
1404,애니메이션 기반 종합 엔터테인먼트 기업,대원미디어(048910)
1405,"5G 기지국 장비, 단말기 시험인증 수요 증가로 외형 성장 예상",에이치시티(072990)
1406,신규 공장 가동을 통한 생산능력 확대 및 신규 해외 고객사 확보를 통한 고객사 다변화 중,오션브릿지(241790)
1407,마이크로 LED 모듈제조 장비 개발로 매출신장 예상!,성우테크론(045300)
1408,브랜드 아이덴티티 강화로 매출확대 지속전망,코데즈컴바인(047770)
1409,선도적인 골프웨어 기획력과 유통망으로 지속 성장,크리스에프앤씨(110790)
1410,의료용 특수영상 솔루션 분야 세계 최고를 지향,뷰웍스(100120)
1411,지속적인 연구개발로 기술분야 확장를 통한 사업영역의 다각화 추진,우리로(046970)
1412,"고성능, 고품질의 광 트랜시버 솔루션을 개발 생산하는 글로벌 기업",오이솔루션(138080)
1413,플라스틱 사출성형 및 조립품 매출 성장 기대,새로닉스(042600)
1414,치매 국가책임제의 수혜 기대되며 신약 개발로 외형 성장 기대,화일약품(061250)
1415,신공장 준공으로 전문의약품 생산능력 확대,한국유니온제약(080720)
1416,안정적인 수익창출을 위한 건설사업 확대 노력,대원(007680)
1417,"‘19년 매출 및 이익 성장세로 전환, 수주확대로 성장세 유지 전망",KCC건설(021320)
1418,정션박스 및 수소상용차 LDC 부품 공급계약 체결,영화테크(265560)
1419,자동차 모터용 샤프트의 신규 설비투자로 매출확대 기대,네오티스(085910)
1420,유통채널 확대 및 신제품 개발로 육계 점유율 늘려갈 계획,동우팜투테이블(088910)
1421,네트워크 보안 전문기업,지니언스(263860)
1422,"스크린골프 전문 방송 채널 추가 론칭, 경쟁사 상대 골프 시뮬레이터 관련 소송에서 일부 승소",골프존(215000)
1423,"PG 및 온라인 VAN 시장점유율 상위 기업, O2O 사업 진출로 결제서비스 영역 확대",NHN한국사이버결제(060250)
1424,자동차 부품 소재용 플라스틱 가공 분야 선두기업,코프라(126600)
1425,"전기차의 대중화, 2차전지 소재 업체 청신호",천보(278280)
1426,도시 환경과 삶의 질을 높이고 희망과 감동을 주는 기업,윈하이텍(192390)
1427,베트남 신공장 증설 이후 외형 성장 기대,디케이앤디(263020)
1428,최대주주 변경 후 비즈니스 모델 변화 예상,신스타임즈(056000)
1429,국민 게임 ‘애니팡’으로 이름 알린 퍼즐 게임 개발사,선데이토즈(123420)
1430,‘칵테일 클라우드’ 글로벌 진출 및 신규사업으로 외형 성장 예상,나무기술(242040)
1431,건축자재 유통 분야 자체사업을 영위하고 있는 지주회사,홈센타홀딩스(060560)
1432,"이엠넷 재팬의 광고 취급액 지속 증가중, 도쿄 올림픽 수혜 기대",이엠넷(123570)
1433,반도체/디스플레이 제조용 Chemical System 전문기업,에스티아이(039440)
1434,현장진단 분야 선도 기업,나노엔텍(039860)
1435,MPI 기반의 5G 안테나용 케이블 FPCA 국산화 성공,디케이티(290550)
1436,부실기업 탐지 솔루션 개발 및 클라우드 플랫폼 사업역량 강화,데이타솔루션(263800)
1437,"‘19년 3Q 매출 및 이익 증가 추세 유지, 1회용 점안제 약가인하 대응 필요",디에이치피코리아(131030)
1438,"R&D 파이프라인 투자, 설비 증설 통해 실적 성장 기대",CMG제약(058820)
1439,Tier 1으로 발돋움한 항공기 동체 전문기업,아스트(067390)
1440,건강기능식품 전문 제조기업,코스맥스엔비티(222040)
1441,"대표 프로바이오틱스 종균인 ‘BGN4’, ‘BORI’, ‘AD011’의 美FDA GRAS 및 NDI 인증 획득",비피도(238200)
1442,사료부문의 안정적 수익과 소재의 확장성을 기반으로 인류에게 필요한 가치를 제공하는 생명과학기업,미래생명자원(218150)
1443,국내 진주광택안료 시장점유율 1위 기업,씨큐브(101240)
1444,고품질 생산과 품격 시공을 지향하는 Best & First 기업,국영지앤엠(006050)
1445,반도체 장비 Scrubber 및 Chiller 개발 전문 기업,유니셈(036200)
1446,고객 다변화 및 구조조정 통해 외형 및 수익성 회복 지속 예상,월덱스(101160)
1447,자연을 가치있게 만드는 기업,동화기업(025900)
1448,신제품 노래반주기 출시로 끊임없이 진화 중,TJ미디어(032540)
1449,매출증가에 따른 흑자전환,진양제약(007370)
1450,예방백신 및 면역항암제 개발·공급 전문기업,유바이오로직스(206650)
1451,해외 진출 통해 신규 시장 개척 및 원가 개선 효과 기대,대유에이피(290120)
1452,특허기반의 신제품 개발과 마케팅 능력을 통한 지속 성장,에이치엘사이언스(239610)
1453,소프트웨어/IT서비스,이글루시큐리티(067920)
1454,구인구직 매칭 플랫폼,사람인에이치알(143240)
1455,40년 업력으로 구축한 고품질 대형 단조제품 전문기업,태웅(044490)
1456,음악 플랫폼 서비스 및 음악 콘텐츠 개발 전문 기업,지니뮤직(043610)
1457,MD 일원화 시스템을 보유한 남성 의류 전문 브랜드 기업,에스티오(098660)
1458,글로벌 위성통신 안테나 시스템 제작 기업,인텔리안테크(189300)
1459,3D 센싱 광학 부품 전문 기업으로 진화,옵트론텍(082210)
1460,휴대폰 카메라용 모듈 공급 업체로서 위상 강화,엠씨넥스(097520)
1461,복합 프리즘시트 수요의 지속적인 증가로 매출 성장세 이어질 것,엘엠에스(073110)
1462,사물인터넷 기반 홈네트워크 구현에 기여하는 전자부품 제조기업,삼진(032750)
1463,리튬일차전지 및 특수전지 제조 전문 기업,비츠로셀(082920)
1464,정밀부품 분야 국내 선도기업,덕우전자(263600)
1465,박테리오파지 기반 혁신 신약 개발로 글로벌 기업경쟁력 확보 기대,인트론바이오(048530)
1466,국내 1위의 건설기계 하부주행체 부품 전문 제조업체,진성티이씨(036890)
1467,발전플랜트 친환경 보조설비 전문기업,비디아이(148140)
1468,디스플레이 및 반도체 검사장비 전문 기업,디이엔티(079810)
1469,세계 최고 수준의 3D 측정 검사기술 보유기업,고영(098460)
1470,건강한 인터넷 세상과 디지털 기술로 공간의 가치를 높이기 위한 지속적인 기술 개발,플랜티넷(075130)
1471,색조화장품 기업으로 입지강화 및 온라인 사업 성장,클리오(237880)
1472,최대주주 변경 이후 사업영역 다각화 통해 성장 도모,코센(009730)
1473,피부과학의 리더,리더스코스메틱(016100)
1474,연예기획 및 자원개발 매출 증가에 따라 수익구조 개선,큐로홀딩스(051780)
1475,첨단 GMP 시설을 갖춘 건강기능식품 전문기업,넥스트BT(065170)
1476,종합건설시공 부문과 부동산개발 부문의 실적 향상,성도이엔지(037350)
1477,의료용 X-ray 영상 진단 장비 제조,제노레이(122310)
1478,클린룸 제어시스템 Total Solution 전문 기업,시스웍(269620)
1479,휴대폰용 카메라 모듈 개발 전문 기업,캠시스(050110)
1480,미용 및 치료분야 의약품 제조 기업,휴젤(145020)
1481,"히알루론산 필러, 골관절염 치료제 전문기업",휴메딕스(200670)
1482,보툴리눔 톡신 의약품 제조 국내 대표 기업,메디톡스(086900)
1483,개별인정원료 확보에 집중하고 해외진출 본격화,노바렉스(194700)
1484,"스마트카드 전문기업 코나아이, 간편결제 플랫폼 사업 확장",코나아이(052400)
1485,"개발도상국형 스마트 헬스케어 모델, 본격적인 수출 행보",인성정보(033230)
1486,반도체 장비 및 검증자동화 S/W 기술에 AI 기술을 결합한 미래 성장 동력 확보,링크제니시스(219420)
1487,가격비교 및 검색 서비스 개발 전문 기업,다나와(119860)
1488,고수익성 제품 매출감소 있으나 재무안정성 양호하고 매출성장동력 확보,하이텍팜(106190)
1489,테마여행 상품 등 토탈 여행 서비스 개발 전문 기업,참좋은여행(080160)
1490,고객사의 매출 극대화를 실현하는 퍼포먼스 마케팅 기업,에코마케팅(230360)
1491,바이오중유 보급 정책에 맞춰 생산 인프라 확대 진행 중,KG ETS(151860)
1492,방화문 사업과 직선적 시스템으로 외형성장과 내실경영 도모,GMR 머티리얼즈(032860)
1493,반도체 공정 장비 부품 정밀세정 및 특수코팅 전문기업,코미코(183300)
1494,‘라돈안전 인증’ 획득한 14년 연속 한국품질만족지수 침대부문 1위 기업,에이스침대(003800)
1495,스마트 기기 부품 비전 검사 장비 전문 기업,하이비젼시스템(126700)
1496,정형외과용 의료기기 해외 인허가 추가 확보,유앤아이(056090)
1497,"국내 최초 투관침 국산화 성공 기업, 진단에서 치료에 이르는 필수 의료기기 전문기업으로 진화중",세종메디칼(258830)
1498,체성분 분석기 국내 제조인증 획득으로 제품 라인업 확대,메디아나(041920)
1499,바이오의약품 개발 전문기업,이수앱지스(086890)
1500,유전자 진화기술에 특화된 바이오기업,아미코젠(092040)
1501,글로벌 이차전지 Assembly line Solution Provider,엠플러스(259630)
1502,국내 폐열회수보일러 제조 선도기업,비에이치아이(083650)
1503,고객사 신차 싸이클 도래로 외형 성장 및 수익성 회복 기대,아진산업(013310)
1504,반도체용 쿼츠 및 세라믹 소재 전문기업,원익QnC(074600)
1505,시약 국산화 기술역량을 통한 신사업 기반 구축,대정화금(120240)
1506,"국내 최초 모바일 게임 서비스를 시작한 게임사, 컴투스",컴투스(078340)
1507,"국내 최초 휴대폰 간편결제서비스 상용화 기업, 블록체인 기술 기반 플랫폼 출시",다날(064260)
1508,헬스케어사업부문의 실적 견인에 따라 손익구조 개선,서울리거(043710)
1509,NAND 업황 개선 및 고객사 수주 확대로 실적 성장 기,에이디테크놀로지(200710)
1510,5G 통신망 투자 확대로 실적 성장 및 재무구조 개선 기대,에이스테크(088800)
1511,"웰니스센터 오픈, 유전체 분석 기반 개인 맞춤형 건강관리 컨설팅 개시",EDGC(245620)
1512,서방형 약물 방출 기술 기반 신약 개발 기대,펩트론(087010)
1513,향후 매출 확대 전망,한솔인티큐브(070590)
1514,"로봇 전용 액추에이터 최강자, 원천기술 확보를 통한 로봇 플랫폼 사업 본격화",로보티즈(108490)
1515,일본 건설시장 진출로 향후 매출전망 긍정적,케이피에프(024880)
1516,원게임 리스크 해소를 위해서는 차기 신작의 성공 여부가 관건,베스파(299910)
1517,"해외 진출, 반려동물 사료 유통채널 개편으로 매출 성장 기대",이글벳(044960)
1518,초정밀제어가 가능한 첨단장비를 공급하는 기업,케이피에스(256940)
1519,OLED 후공정 장비 수주 증가에 따른 실적 턴어라운드 기대,엘아이에스(138690)
1520,마이크로 컨트롤러 개발 전문 기업,어보브반도체(102120)
1521,안정적 매출 성장 시현 중,패션플랫폼(225590)
1522,스마트폰 케이스 신규 시장 진출과 물류 신사업 추진,슈피겐코리아(192440)
1523,디지털 임플란트 전문기업,디오(039840)
1524,"2019년 상반기 中 CFDA 인증, 美 FDA 품목허가 확보",디알젬(263690)
1525,"고부가가치 산업, 수동소자 제조 선도기업",아비코전자(036010)
1526,기술력을 바탕으로 신규 수주 증가에 따른 안정적 실적성장 기대,쎄트렉아이(099320)
1527,해외시장 개척에 박차를 가하는 동물백신 전문기업,중앙백신(072020)
1528,"이종장기 사업 본격화, 박테리오파지 매출 확대 통한 성장 지속",옵티팜(153710)
1529,적극적인 해외시장 진출을 통한 매출 확대 전망,랩지노믹스(084650)
1530,기계설비 공사분야의 국내 선도기업,세보엠이씨(011560)
1531,"초고층 주상복합 시공, 공유오피스 및 해외 진출로 지속 성장",동원개발(013120)
1532,환경 규제에 따른 실린더 라이너 수주 증가 지속 예상,케이프(064820)
1533,플랜트 산업과 함께 성장하는 관이음쇠류 제조 전문기업,태광(023160)
1534,자사브랜드 강화와 글로벌 유통채널 확대,아우딘퓨쳐스(227610)
1535,안정적인 ODM 비즈니스 기반으로 브랜드 사업 성장 전망,본느(226340)
1536,전자상거래 종합 솔루션 전문기업,포티스(141020)
1537,스마트 팩토리 구축사업 통해 외형성장 본격화 전망,포스코 ICT(022100)
1538,컨셉투어 등 여행 패키지 상품 개발 전문 기업,모두투어(080160)
1539,실버프리 플립칩 원천기술,세미콘라이트(214310)
1540,기술력을 바탕으로 전자재료 사업부문 매출 및 수익성 개선 중,동진쎄미켐(005290)
1541,의약품 개발 능력 제고와 국내 매출 증가,셀트리온제약(068760)
1542,"레이저 원천 기술 기반, 전방 산업 호재로 성장 기대",필옵틱스(161580)
1543,신사업으로 로봇용 감속기 분야 진출,에스피지(058610)
1544,인공위성 및 글로벌 위성통신단말기 제작 기업,AP위성(211270)
1545,핸드폰 카메라 AF 모듈 공급 업체로서 위상 강화,재영솔루텍(049630)
1546,국내 최대 사료/양돈/가금 생산업체 종합식품회사로의 도약,하림지주(003380)
1547,"디스플레이 장비업계 선도업체, 스마트팩토리 분야로 사업확대 추진",에스에프에이(056190)
1548,디스플레이 제조장비 업체의 ToF 3D 센서 및 수술 로봇 사업 도전기,미래컴퍼니(049950)
1549,장항공장 증설완료 이후 반려동물 특수사료 매출 비중 확대 예상,대주산업(003310)
1550,사업 다각화를 통한 종합 IT 솔루션 회사로의 진화,한빛소프트(047080)
1551,사업 전분야 시험인증 Leading Company,디티앤씨(187220)
1552,"세계 최고의 기술력, 화려한 비상을 꿈꾸다",파크시스템스(140860)
1553,기술혁신으로 성장하는 반도체 검사장비용 PCB 제조 전문기업,타이거일렉(219130)
1554,영상 및 통신 기술 융합으로 스마트 홈 시스템 구축,코콤(015710)
1555,핵산치료제 개발 전문기업,올릭스(226950)
1556,"수소충전소용 개질기 사업 성장, 산업용 가열로 사업 회복 예상",제이엔케이히터(126880)
1557,"피팅 및 밸브 제품 라인업 추가, 수요처 확대로 고객 다변화 중",디케이락(105740)
1558,IT서비스 및 광고 전문 기업에서 새벽배송 전문업체로 진화 중,지어소프트(051160)
1559,자동차용 고무 제품의 사업영역 확장과 수소연료전지 신규사업 진출 모색,동아화성(041930)
1560,MMORPG 개발 선도 및 IP 라이선스 전문기업,위메이드(112040)
1561,안정적으로 사업 지속 전망,중앙에너비스(000440)
1562,글로벌 에듀테크 및 교육 콘텐츠 개발 기업,청담러닝(096240)
1563,"원전 사업 외형 성장, 항공사업 부문의 신규 수주 증가 기대",오르비텍(046120)
1564,합병과 콘텐츠 개발에 의한 기업가치 제고,메가스터디교육(215200)
1565,반도체 후공정 장비 제조 전문 기업,제너셈(217190)
1566,축적된 기술력을 기반으로 꾸준한 신규 수주 전망,비아트론(141000)
1567,초정밀 품질검사 시스템 설비 투자를 통한 경쟁력 및 수익성 강화,에스코넥(096630)
1568,꾸준한 매출실적 달성 전망,디케이디앤아이(033310)
1569,LNG용 보냉재 분야 세계 핵심플레이어로 성장기대,동성화인텍(033500)
1570,게임 개발 및 퍼블리싱 전문 기업,네오위즈(095660)
1571,"첨단 IT 산업 분야, 플랜트 엔지니어링 시공 전문 기업",한양이엔지(045100)
1572,장비/부품/소재 국산화 선도를 통한 성장 기대,원익IPS(240810)
1573,"멀티 카메라, 2차전지 BMS 및 배터리팩 공급으로 성장 기대",파워로직스(047310)
1574,반도체 및 FPD용 핵심 소재 국산화 성공,와이엠씨(155650)
1575,조직질환치유용 단백질소재 개발로 새로운 도약 기대,셀루메드(049180)
1576,2차 전지 등 소재 가공장비 제조,피엔티(137400)
1577,필터 미디어 및 필터 제조 전문 기업,크린앤사이언스(045520)
1578,"휴대폰 결제 시장의 선두주자, 신사업 바이포미(Buy4me)로 O2O 서비스 시장 진출",KG모빌리언스(046440)
1579,종합 ICT 기업으로 사업 확대,에스넷시스템(038680)
1580,엽면시비용 특수비료시장의 대표주,대유(290380)
1581,다수의 레퍼런스를 보유한 의료정보시스템 전문기업,이지케어텍(099750)
1582,T커머스 고속 성장으로 외형 확대 및 수익성 개선 기대,KTH(036030)
1583,글로벌 신약개발 전문기업으로 도약,오스코텍(039200)
1584,줌닷컴의 안정적 성장 및 AI 활용 비즈니스 성장 기대,이스트소프트(047560)
1585,모바일 OTP와 차량 보안용 OTP 솔루션 공략으로 성장 기대,미래테크놀로지(213090)
1586,광학용 시트/필름 사업 매출 증대로 실적 개선 전망,에스폴리텍(050760)
1587,"멀티 플랫폼 강자, 자체 게임엔진 개발과 IP 수명 장기화에 주력",펄어비스(263750)
1588,반도체 설계 기술력 통한 IoT 전문기업으로 도약,아이앤씨(052860)
1589,탁월한 브랜드 발굴 및 R&D 역량 구축한 기업,그리티(204020)
1590,사이버 보안 전문기업 위상 구축,파이오링크(170790)
1591,"화장품 사업부문 실적 개선으로 매출, 영업이익 동반 성장",지엠피(018290)
1592,고객사 OLED 신규 투자 확대로 수주 증가 기대,HB테크놀러지(078150)
1593,"정보보안 생체인증, 모바일 보안 기술력 바탕으로 도약",라온시큐어(042510)
1594,교육사업부문 손익개선 및 흑자전환,메가스터디(072870)
1595,VR게임 집중투자를 통한 미래성장동력 창출,드래곤플라이(030350)
1596,휴대폰용 카메라 집적회로 원천기술 확보 및 고부가가치 제품 라인업 확보,동운아나텍(094170)
1597,축적된 기술력을 기반으로 사업 영역 확대 및 다각화 추진,에스엠코어(007820)
1598,디스플레이 생산설비 제조사,DMS(068790)
1599,자가혈당측정 제품 라인업 확보,아이센스(099190)
1600,글로벌 시장에 본격 진출,코스메카코리아(241710)
1601,정책 기조에 힘입어 선두지위 재탈환을 위한 대규모 투자 추진,케이알피앤이(060900)
1602,글로벌 미디어 콘텐츠 제작 기업,덱스터(206560)
1603,2019년 수주 회복세를 통한 실적 개선 기대,시공테크(020710)
1604,"이제는 반도체 테스트 토탈 솔루션, 테스트 소켓 점유율 1위 기업",ISC(095340)
1605,유전자 치료제 개발 기대,헬릭스미스(084990)
1606,NK세포를 이용한 MG4101 파이프라인의 상업화 순항중,녹십자랩셀(144510)
1607,외형성장 지속하는 터보기계 전문 제조업체,뉴로스(126870)
1608,선택적 복지시장의 지속 성장 및 EAP 서비스 수주 증가 기대,이지웰페어(090850)
1609,클라우드 기반 의료정보시스템을 통해 매출성장 전망,비트컴퓨터(032850)
1610,"스포츠 게임의 선두 주자, 전쟁 시뮬레이션 게임 개발에 주력",조이시티(067000)
1611,게임 개발 및 서비스 전문 기업,웹젠(069080)
1612,인증 보안 전문기업,드림시큐리티(203650)
1613,도이치오토월드 통한 그룹시너지 효과 창출 기대,도이치모터스(067990)
1614,"유전체 분석 전문기업, 맞춤 의학 시장의 초석 마련",디엔에이링크(127120)
1615,반도체 소재 및 장비 기술로 이익률 증가 기대,에프에스티(036810)
1616,수소 기반 사업을 통한 매출 다변화,이엠코리아(095190)
1617,발전기 분야에서 신·재생에너지 전문기업으로 도약,지엔씨에너지(119850)
1618,"청공조기 ‘에어프레셔’ 출시, 공기질 관리 사업 미세먼지 정책 수혜 기대",하츠(066130)
1619,키네마스터 앱의 빠른 매출 성장 지속으로 흑자 전환 기대,키네마스터(139670)
1620,RPA 시스템의 구조적인 성장에 따른 iAuto의 매출 증가 예상,모바일리더(100030)
1621,안정적인 시멘트 사업 기반 고기능성 제품개발 확대 노력,고려시멘트(198440)
1622,축적된 기술력 및 신사업 개발로 매출 성장 기대,씨앤지하이테크(264660)
1623,반도체 테스트 장비분야의 기술선도 기업,엑시콘(092870)
1624,음향기기 전문 제조사,에스텍(069510)
1625,"프로바이오틱스 선도기업, 바이오의약품으로 사업 다각화 모색",쎌바이오텍(049960)
1626,면역세포치료제 개발 전문기업,녹십자셀(031390)
1627,라이프 스타일 기반 혁신제품을 제조하는 Life Care Company,위닉스(044340)
1628,"美 전략방위 장비 제조업체인 HII와 협정, 미국 수출 기반 마련",광림(014200)
1629,산업플랜트 사업부 신설 매출 회복중,한라IMS(092460)
1630,1인 미디어 플랫폼 서비스 전문 기업,아프리카TV(067160)
1631,슈퍼엔지니어링 플라스틱의 강자,상아프론테크(089980)
1632,외주 드라마 제작 편수 증가에 따른 실적 증가 예상,팬엔터테인먼트(068050)
1633,(여자)아이들의 흥행 지속 및 라이관린 데뷔로 실적 모멘텀 기대,큐브엔터(182360)
1634,교육 콘텐츠 개발 및 플랫폼 구축 기업,정상제이엘에스(040420)
1635,2차전지 시장과 함께 성장하는 전지 안전부품 기업,신흥에스이씨(243840)
1636,디스펜서 장비의 판매 호조 지속으로 실적 성장 기대,프로텍(053610)
1637,자동차용 비메모리 전력반도체의 본격적인 성장 기대,아이에이(038880)
1638,5G 시대의 개막을 알리는 분기 최대 실적,알엔투테크놀로지(148250)
1639,회계기준 변경 이슈에도 불구하고 전방 업황은 여전히 긍정적,명성티엔에스(257370)
1640,바이오디젤·바이오중유의 보급정책 확대로 성장발판 마련,제이씨케미칼(137950)
1641,DDI 테스트용 시설투자 완료 이후 실적 긍정적 영향 기대,엘비세미콘(061970)
1642,"美 FDA ‘CGMP’ 적합 판정, 미국 시장 진출 가시화",케이엠제약(225430)
1643,글로벌 시장 공략 및 신규 라인업 확보를 통해 매출원 확대,조이맥스(101730)
1644,국내 최초로 동영상 광고 플랫폼을 출시한 기업,인크로스(216050)
1645,LED 마스크 매출 호조로 실적 턴어라운드 가속화,지티지웰니스(219750)
1646,암치료의 새로운 도전,셀리드(299660)
1647,차세대 골관절염 치료제 카티라이프로 차별화된 경쟁력 부각,바이오솔루션(086820)
1648,원전용 POSRV 개발로 안전밸브 업체로서 위상 강화,조광ILI(044060)
1649,지역주택조합 아파트 사업은 2019년에도 순항할 것,서희건설(035890)
1650,탄탄한 단조 기술을 기반으로 지속적인 매출 상승,한일단조(024740)
1651,매립사업 추진으로 향후 매출 성장 전망,인선이엔티(060150)
1652,15년 연속 홈네트워크 브랜드파워 1위 선정기업,현대통신(039010)
1653,게임 부문 매출 급신장으로 성장세를 보임,데브시스터즈(194480)
1654,독보적 핫스탬핑 기술로 성장 지속,엠에스오토텍(123040)
1655,뷰티케어 기초원료 시장의 히든 챔피언,KCI(036670)
1656,성장세 둔화되었으나 수익성은 개선,안국약품(001540)
1657,생분해성 인공지지체 매출 원년 기대,티앤알바이오팹(246710)
1658,교육 영역 확장을 통한 매출 다각화 전망,메가엠디(133750)
1659,로봇사업부문의 실적 견인에 따라 손익구조 개선,유진로봇(056080)
1660,SSAFY통한 매출성장 전망,멀티캠퍼스(067280)
1661,전기차시대 PTC Heater성장 지속,우리산업(215360)
