순위,제목,가수,가사
1,이제 나만 믿어요,임영웅,"무얼 믿은 걸까 부족했던 내게서
나조차 못 믿던 내게 여태 머문 사람
무얼 봤던 걸까 가진 것도 없던 내게
무작정 내 손을 잡아 날 이끈 사람
최고였어
그대 눈 속에 비친 내 모습
이제는 내게서 그댈 비춰줄게
궂은 비가 오면
세상 가장 큰 그대 우산이 될게
그댄 편히 걸어가요
걷다가 지치면
내가 그대를 안고 어디든 갈게
이제 나만 믿어요
나만 두고 가던
나만 스쳐 간 행운이 모여
그대가 되어서 내게 와준 거야
궂은 비가 오면
세상 가장 큰 그대 우산이 될게
그댄 편히 걸어가요
걷다가 지치면
내가 그대를 안고 어디든 갈게
이제 나만 믿어요
나의 마지막 주인공이 되어
다신 누구 앞에서도
그대는 고개 숙이지 마요
내가 보지 못했던 홀로 고단했던 시간
고맙고 미안해요 사랑해요
이 세상은
우리를 두고 오랜 장난을 했고
우린 속지 않은 거야
이제 울지 마요
좋을 땐 밤새도록 맘껏 웃어요
전부 그대 꺼니까
그대는 걱정 말아요
이제 나만 믿어요"
2,별빛 같은 나의 사랑아,임영웅,"당신이 얼마나 내게
소중한 사람인지
세월이 흐르고 보니
이제 알 것 같아요
당신이 얼마나 내게
필요한 사람인지
세월이 지나고 보니
이제 알 것 같아요
밤하늘에 빛나는
별빛 같은 나의 사랑아
당신은 나의 영원한 사랑
사랑해요 사랑해요
날 믿고 따라준 사람
고마워요 행복합니다
왜 이리 눈물이 나요
밤하늘에 빛나는
별빛 같은 나의 사랑아
당신은 나의 영원한 사랑
사랑해요 사랑해요
날 믿고 따라준 사람
고마워요 행복합니다
왜 이리 눈물이 나요
왜 이리 눈물이 나요"
3,어느 60대 노부부이야기,임영웅,"곱고 희던 그 손으로
넥타이를 메어주던 때
어렴풋이 생각나오
여보 그 때를 기억하오
막내아들 대학 시험
뜬 눈으로 지새던 밤들
어렴풋이 생각나오
여보 그 때를 기억하오
세월은 그렇게 흘러
여기까지 왔는데
인생은 그렇게 흘러
황혼에 기우는데
큰 딸아이 결혼식 날
흘리던 눈물 방울이
이제는 모두 말라
여보 그 눈물을 기억하오
세월은 그렇게 흘러
여기까지 왔는데
인생은 그렇게 흘러
황혼에 기우는데
세월은 그렇게 흘러
여기까지 왔는데
인생은 그렇게 흘러
황혼에 기우는데
다시 못 올 그 먼 길을
어찌 혼자 가려하오
여기 날 홀로 두고
여보 왜 한마디 말이 없소
여보 안녕히 잘 가시게
여보 안녕히"
4,바램,임영웅,"내 손에 잡은 것이 많아서
손이 아픕니다
등에 짊어진 삶의 무게가
온 몸을 아프게 하고
매일 해결해야 하는 일 때문에
내 시간도 없이 살다가
평생 바쁘게 걸어 왔으니
다리도 아픕니다
내가 힘들고 외로워 질 때
내 얘길 조금만 들어 준다면
어느 날 갑자기 세월의 한복판에
덩그러니 혼자 있진 않겠죠
큰 것도 아니고 아주 작은 한 마디
지친 나를 안아 주면서
사 랑 한 다
정말 사랑 한다는
그 말을 해 준다면
나는 사막을 걷는다 해도
꽃길이라 생각 할 겁니다
우린 늙어가는 것이 아니라
조금씩 익어가는 겁니다
우린 늙어가는 것이 아니라
조금씩 익어가는 겁니다
저 높은 곳에 함께 가야 할 사람
그대 뿐입니다"
5,HERO,임영웅,"세상이란 장애물이 너의
앞길을 가로막을 때 날 봐
언제나 너의 곁엔 내가 있어
불안 따윈 1도 없을 테니
이렇게 always always
내가 너를 지켜줄게
나를 믿고 가 오
거친 세상이지만
나를 믿고 가 오
나와 함께라면 ready to go
창밖으로 비쳐오는 태양
시시각각 바뀌는 구름의 모양
공기를 가르며 와닿는
바람의 향기가 느껴지니
이렇게 always always
내가 너를 지켜줄 테니
나를 믿고 가 오
거친 세상이지만
나를 믿고 가 오
나와 함께라면 ready to go
Let's go go right away right away
When we go go go far away far away
참 다행이지 나의 옆이 너라서
내 어깨에 기대어
손을 꼭 잡고 같이
어디로든 가자
나를 믿고 가 오
거친 세상이지만
나를 믿고 가 오
나와 함께라면 ready to go
Let's go go right away right away
When we go go go far away far away"
6,계단말고 엘리베이터,임영웅,"터벅터벅 그 걸음으로
어느 세월에 내게 오나요
저 푸른 하늘 새들처럼
날개를 달고 와야죠
이리저리 돌아보면서
어느 천년에 내게 오나요
더 늦기 전에 돌아와요
빨리빨리 오세요
사랑아 멀어진 나의 사랑아
내 님아 보고픈 나의 사람아
어 허야 내가 내가 간다
그리운 내 님 곁으로
늦기 전에 더 늦기 전에
계단 말고 엘리베이터
터벅터벅 그 걸음으로
어느 세월에 내게 오나요
저 푸른 하늘 새들처럼
날개를 달고 와야죠
이리저리 돌아보면서
어느 천년에 내게 오나요
더 늦기 전에 돌아와요
빨리빨리 오세요
사랑아 멀어진 나의 사랑아
내 님아 보고픈 나의 사람아
어 허야 내가 내가 간다
그리운 내 님 곁으로
늦기 전에 더 늦기 전에
계단 말고 엘리베이터
계단 말고 엘리베이터"
7,미워요,임영웅,"운명의 장난일까요
내 인생의 숙명일까요
사랑해선 안 될 사람
내 맘속에 들어왔네
매일 그대 생각에
목이 메이고
두근대는 가슴으로
잠 못 이루는 날들아
미워요 미워요
사랑해선 안 될 사람
내 마음 훔쳐가 버린
그 사람이 미워요
눈에선 멀어져 가도
가슴속엔 남아있어요
보고 싶다는 말 한마디
할 수 없는 내 사랑아
내 마음에 찾아와
꽃을 피우고
속절없이 떠나가면
나의 마음은 어이해
미워요 미워요
사랑해선 안 될 사람
내 마음 훔쳐가 버린
그 사람이 미워요
미워요 미워요
사랑해선 안 될 사람
내 마음 훔쳐가 버린
그 사람이 미워요
내 마음 훔쳐가 버린
그 사람이 미워요"
8,후,임영웅,"뭘 하며 사니 니가 낯설어져가
영원 할 듯한 우리였는데
잘 지내냐는 흔한 안부 조차도
물을 수 없는 눈물 나는 사랑
우연에 이끌려 또 한걸음 뒤돌아보면
영화 같은 사랑이였는데
내 가슴에서 끄집어낸
바람 같은 추억
후 하고 불면 잊혀져 갈까
사랑했었다 너만 사랑했었다
나는 나는 다시 그 말 뿐이다
니가 주고간 이 지독한 그리움
우리 다시 사랑할 수 있을까
우연에 이끌려 또 한걸음 뒤돌아보면
영화 같은 사랑이였는데
내 가슴에서 끄집어낸
바람 같은 추억
후 하고 불면 잊혀져 갈까
사랑했었다 너만 사랑했었다
나는 나는 다시 그 말 뿐이다
니가 주고간 이 지독한 그리움
우리 다시 사랑할 수 있을까
우리 다시 사랑할 수 있을까"
9,따라 따라,임영웅,"딱 한잔만 짠하고 갑시다
힘이 드나요 지쳐있나요
하루하루 성할 날이 없죠
막막한 인생길
오늘도 구비구비
그대여 오늘 고생 많았어요
따라따라 따라따라
꽉 채워서 한잔 따라
세상살이 다 그런 거지 뭐
아 아쉬워서 그러지
딱 한잔만 짠하고 갑시다
사랑에 상처받고
사람에게 상처받고
사는 게 참 만만치가 않죠
슬픔도 외로움도
가슴에 묻어버린
그대여 오늘 고생 많았어요
따라따라 따라따라
꽉 채워서 한잔 따라
세상살이 다 그런 거지 뭐
아 아쉬워서 그러지
딱 한잔만 짠하고 갑시다
따라따라 따라따라
꽉 채워서 한잔 따라
세상살이 다 그런 거지 뭐
아 아쉬워서 그러지
딱 한잔만 짠하고 갑시다
딱 한잔만 짠하고 갑시다"
10,이제 나만 믿어요 (Piano by 조영수),임영웅,"무얼 믿은 걸까 부족했던 내게서
나조차 못 믿던 내게 여태 머문 사람
무얼 봤던 걸까 가진 것도 없던 내게
무작정 내 손을 잡아 날 이끈 사람
최고였어
그대 눈 속에 비친 내 모습
이제는 내게서 그댈 비춰줄게
궂은 비가 오면
세상 가장 큰 그대 우산이 될게
그댄 편히 걸어가요
걷다가 지치면
내가 그대를 안고 어디든 갈게
이제 나만 믿어요
나만 두고 가던
나만 스쳐 간 행운이 모여
그대가 되어서 내게 와준 거야
궂은 비가 오면
세상 가장 큰 그대 우산이 될게
그댄 편히 걸어가요
걷다가 지치면
내가 그대를 안고 어디든 갈게
이제 나만 믿어요
나의 마지막 주인공이 되어
다신 누구 앞에서도
그대는 고개 숙이지 마요
내가 보지 못했던 홀로 고단했던 시간
고맙고 미안해요 사랑해요
이 세상은
우리를 두고 오랜 장난을 했고
우린 속지 않은 거야
이제 울지 마요
좋을 땐 밤새도록 맘껏 웃어요
전부 그대 꺼니까
그대는 걱정 말아요
이제 나만 믿어요"
11,소나기,임영웅,"소나기만 뿌려주고 가네요
하늘에 구름이 흘러가듯이
내 맘을 홀리는 사람
못 본 척 돌아서며
찬비만 뿌릴 때면
가슴이 가슴이 저려온다
강물 같은 세월에
그림 같은 집 짓고
알콩달콩 살고 싶은데
아 사랑아 내 사랑
냉정하기만 한 사랑
이럴 거면 눈길은 왜 줘
아 사랑아 내 사랑
눈물없는 내 사랑
소나기만 뿌려주고 가네요
소나기만 뿌려주고 가네요
사나이 가슴에 불을 붙이고
심장을 달구는 그대
첫눈에 반해도 두 눈에 반해도
내 맘을 내 맘을 몰라준다
살짝 웃는 모습에
내 가슴은 타올라
터질 듯이 폭발하는데
아 사랑아 내 사랑
냉정하기만 한 사랑
이럴 거면 눈길은 왜 줘
아 사랑아 내 사랑
눈물없는 내 사랑
소나기만 뿌려주고 가네요
소나기만 뿌려주고 가네요
소나기만 뿌려주고 가네요"
12,돼지토끼,장윤정,"넌 돼끼돼끼해 또 말랑말랑해
니 냄새까지 너무나 사랑스러워
눈이 안보이게 웃으면
심장이 아프잖아
넌 토끼시끼해 또 뽀실뽀실해
니 뱃살까지 너무나 사랑스러워
젤리 같은 너 마냥 소중해
영원히 안아줄게
비 맞지마 두피 멍들라
내가 구름도 가려줄게
제발 밤에는 집에만 있어
번쩍번쩍 빛이 나니까
바람 불면 나가지도 마
날아갈리 없겠지만은
혹시나 고운 피부
바람에 아파할까 봐
넌 돼끼돼끼해 또 말랑말랑해
니 냄새까지 너무나 사랑스러워
눈이 안보이게 웃으면
심장이 아프잖아
넌 토끼시끼해 또 뽀실뽀실해
니 뱃살까지 너무나 사랑스러워
젤리 같은 너 마냥 소중해
영원히 안아줄게
늙어지면 지리산 가자
때론 많이 외롭겠지만
흑염소 키우면서
우리 둘이서 살까 봐
넌 돼끼돼끼해 또 말랑말랑해
니 냄새까지 너무나 사랑스러워
눈이 안보이게 웃으면
심장이 아프잖아
넌 토끼시끼해 또 뽀실뽀실해
니 뱃살까지 너무나 사랑스러워
젤리 같은 너 마냥 소중해
영원히 안아줄게
넌 그대로면 돼 또 있어주면 돼
내 목숨까지 다해서 사랑해 줄게
너를 만난 건 신의 한수야
하늘에 감사할게"
13,뭣이 중헌디,임영웅,"뭣이 중헌디 뭣이 중헌디
정답은 바로 사랑이더라
어머니의 끝도 없는 자식들 사랑
그 누가 어찌 다 아랴
시집장가가 자식 나봐야
그제야 그 사랑을 알겠지
이쁜 사람 잘난 사람 많고 많지만
그 누가 내 마음 아랴
슬플 때에도 기쁠 때에도
함께한 내 사랑이 최고지
어차피 인생살이 새옹지마
딱 한번만 살고 가는 세상
뭣이 중헌디 뭣이 중헌디
정답은 바로 사랑이더라
금은보화 부귀영화 가진다 해도
어차피 두고 갈 것을
춤추고 노래하자
웃으며 살아가자
아리랑 아리랑 아라리요
어차피 인생살이 새옹지마
딱 한번만 살고 가는 세상
뭣이 중헌디 뭣이 중헌디
정답은 바로 사랑이더라
어차피 인생살이 새옹지마
딱 한번만 살고 가는 세상
뭣이 중헌디 뭣이 중헌디
정답은 바로 사랑이더라
정답은 바로 사랑이더라"
14,그 강을 건너지마오,양지은,"가지마오 가지를 마오
그강을 건너지마오
가려거든 가시려거든
이 언약 가져가시오
검은머리 파뿌리되는 날까지
지켜준다고
내손잡고 눈물로 맺은
언약을 잊지마시오
강물에 떠내려가는
마지막 꽃잎일새라
이손을 놓치못하오
님이여 움켜쥐시오
가지마오 가지를 마오
그강을 건너지마오
가려거든 가시려거든
이 언약 가져가시오
강물에 떠내려가는
마지막 꽃잎일새라
이손을 놓치못하오
님이여 움켜쥐시오
가지마오 가지를 마오
그강을 건너지마오
가려거든 가시려거든
이 언약 가져가시오
이 언약 가져가시오"
15,찐이야,영탁,"찐찐찐찐 찐이야 완전 찐이야
진짜가 나타났다 지금
찐찐찐찐 찐이야 완전 찐이야
찐하게 사랑할 거야
요즘 같이 가짜가 많은 세상에
믿을 사람 바로 당신 뿐
내 모든 걸 다 줘도 아깝지 않은
내 인생에 전부인 사람
끌리네 끌리네 자꾸 끌리네
쏠리네 쏠리네 자꾸 쏠리네
심장을 훔쳐간 사람
찐찐찐찐 찐이야 완전 찐이야
진짜가 나타났다 지금
찐찐찐찐 찐이야 완전 찐이야
찐하게 사랑할 거야
찐이야
요즘 같이 가짜가 많은 세상에
믿을 사람 바로 당신 뿐
내 모든 걸 다 줘도 아깝지 않은
내 인생에 전부인 사람
끌리네 끌리네 자꾸 끌리네
쏠리네 쏠리네 자꾸 쏠리네
심장을 훔쳐간 사람
찐찐찐찐 찐이야 완전 찐이야
진짜가 나타났다 지금
찐찐찐찐 찐이야 완전 찐이야
찐하게 사랑할 거야
찐하게 찐하게 찐하게 찐하게
찐하게 사랑할 거야"
16,바람길,김태연,"길을 걷는다
끝이 없는 이 길
걷다가 울다가
서러워서 웃는다
스치듯 지나는
바람의 기억보다 더
에일 듯 시리운
텅 빈 내 가슴
울다가 웃다가
꺼내본 사진 속엔
빛 바랜 기억들이
나를 더 아프게 해
길을 걷는다
끝이 없는 이 길
걷다가 울다가
서러워서 웃는다
스치듯 지나는
바람의 기억보다 더
에일 듯 시리운
텅 빈 내 가슴
울다가 웃다가
꺼내본 사진 속엔
빛 바랜 기억들이
나를 더 아프게 해
길을 걷는다
끝이 없는 이 길
걷다가 울다가
서러워서 웃는다
서러워서 웃는다"
17,니가 왜 거기서 나와 (Narr. 고은아),영탁,"어디야
집이야 피곤해서 일찍 자려구
아 그래 잠깐 볼랬더니
오늘 피곤했나 보네 언능 자
어 끊어
근데 니가
니가 왜 거기서 나와
니가 왜 거기서 나와
사랑을 믿었었는데
발등을 찍혔네
그래 너 그래 너 야 너
니가 왜 거기서 나와
피곤하다 하길래
잘자라 했는데
혹시나 아픈건가
걱정도 했는데
뭐하는데
여기서 뭐하는데
도대체
너네집은 연신내
난 지금 강남에
시끄런 클럽을
무심코 지나는데
이게 누구십니까
니가 왜 거기서 나와
니가 왜 거기서 나와
내 눈을 의심해보고
보고 또 보아도
딱봐도 너야
오마이 너야
니가 왜 거기서 나와
니가 왜 거기서 나와
사랑을 믿었었는데
발등을 찍혔네
그래 너 그래 너 야 너
이런건 사랑이 아냐
노는 남자 싫다매
술은 못한다매
그것 땜에 나는 다
끊어버렸는데
지금 넌 왜
혀가 꼬이는 건데
도대체
근데 지금 니 옆에
이 남잔 누군데
교회 오빠하고
클럽은 왜 왔는데
너네 집 불교잖아
니가 왜 거기서 나와
니가 왜 거기서 나와
내 눈을 의심해보고
보고 또 보아도
딱봐도 너야
오마이 너야
니가 왜 거기서 나와
니가 왜 거기서 나와
사랑을 믿었었는데
발등을 찍혔네
그래 너 그래 너 야너
이런건 사랑이 아냐
그래 너 그래 너 야너
니가 왜 거기서 나와"
18,막걸리 한잔,영탁,"막걸리 한 잔
온 동네 소문 났던 천덕꾸러기
막내아들 장가가던 날
앓던 이가 빠졌다며 덩실 더덩실
춤을 추던 우리 아버지
아버지 우리 아들 많이 컸지요
인물은 그래도 내가 낫지요
고사리 손으로
따라주는 막걸리 한잔
아버지 생각나네
황소처럼 일만 하셔도
살림살이는 마냥 그 자리
우리 엄마 고생시키는
아버지 원망했어요
아빠처럼 살긴 싫다며
가슴에 대못을 박던
못난 아들을 달래주시며
따라주던 막걸리 한잔
따라주던 막걸리 한잔
황소처럼 일만 하셔도
살림살이는 마냥 그 자리
우리 엄마 고생시키는
아버지 원망했어요
아빠처럼 살긴 싫다며
가슴에 대못을 박던
못난 아들을 달래주시며
따라주던 막걸리 한잔
따라주던 막걸리 막걸리 한잔"
19,붓,양지은,"힘겨운 세월을 버티고 보니
오늘 같은 날도 있구나
그 설움 어찌 다 말할까
이리 오게 고생 많았네
칠십년 세월
그까짓 게 무슨 대수요
함께 산 건 오천년인데
잊어버리자 다 용서하자
우린 함께 살아야 한다
백두산 천지를 먹물 삼아
한 줄 한 줄 적어나가세
여보게 친구여
붓을 하나 줄 수 있겠나
붓을 하나 줄 수 있겠나
칠십년 세월
그까짓 게 무슨 대수요
함께 산 건 오천년인데
잊어버리자 다 용서하자
우린 함께 살아야 한다
한라산 구름을 화폭 삼아
한 점 한 점 찍어나가세
여보게 친구여
붓을 하나 줄 수 있겠나
여보게 친구여
붓을 하나 줄 수 있겠나
붓을 하나 줄 수 있겠나"
20,테스형!,나훈아,"어쩌다가 한바탕 턱 빠지게 웃는다
그리고는 아픔을 그 웃음에 묻는다
그저 와준 오늘이 고맙기는 하여도
죽어도 오고 마는 또 내일이 두렵다
아 테스형 세상이
왜 이래 왜 이렇게 힘들어
아 테스형 소크라테스형
사랑은 또 왜 이래
너 자신을 알라며 툭 내뱉고 간 말을
내가 어찌 알겠소 모르겠소 테스형
울 아버지 산소에 제비꽃이 피었다
들국화도 수줍어 샛노랗게 웃는다
그저 피는 꽃들이 예쁘기는 하여도
자주 오지 못하는 날 꾸짖는 것만 같다
아 테스형 아프다
세상이 눈물 많은 나에게
아 테스형 소크라테스형
세월은 또 왜 저래
먼저가본 저세상 어떤 가요 테스형
가보니까 천국은 있던 가요 테스형
아 테스형 아 테스형
아 테스형 아 테스형
아 테스형 아 테스형
아 테스형 아 테스형"
21,고맙소,김호중,"이 나이 먹도록
세상을 잘 모르나 보다
진심을 다해도 나에게 상처를 주네
이 나이 먹도록
사람을 잘 모르나 보다
사람은 보여도 마음은 보이질 않아
이 나이 되어서 그래도
당신을 만나서
고맙소 고맙소 늘 사랑하오
술 취한 그날 밤 손등에
눈물을 떨굴 때
내 손을 감싸며 괜찮아 울어준 사람
세상이 등져도 나라서
함께 할 거라고
등 뒤에 번지던 눈물이 참 뜨거웠소
이 나이 되어서
그래도 당신을 만나서
고맙소 고맙소 늘 사랑하오
못난 나를 만나서
긴 세월 고생만 시킨 사람
이런 사람이라서 미안하고
아픈 사람
나 당신을 위해 살아가겠소
남겨진 세월도 함께 갑시다
고맙소 고맙소 늘 사랑하오
늘 사랑하오
고맙소 고맙소 늘 사랑하오"
22,나보다 더 사랑해요,김호중,"서로 다른 길에
우리 둘의 만남은
돌아보니 꿈만 같아요
같은 시간 속에 우리는
서로의 삶에
멈춰버렸죠
바다처럼 깊어진
우리의 믿음
흔들리지 않아요
그댈 나보다 더 나보다 더
사랑해요
저기 별빛이 내리는 아래
고백할게요
그댈 나보다 더 나보다 더
사랑해요 그대
마음 받아주세요
맘이 힘든 날엔
말을 하지 않아도
언제나 내 편인 한사람
자신보다 나를 위해준
그 사람에게
난 부족한 사람
바다처럼 깊어진
우리의 믿음
흔들리지 않아요
그댈 나보다 더 나보다 더
사랑해요
저기 별빛이 내리는 아래
고백할게요
그댈 나보다 더 나보다 더
사랑해요 그대
마음 받아주세요
볕이 안 드는 고된 삶의 틈에도
손 내밀어 주세요 워
우린 별이 되어 달이 되어
세상이 끝나도
함께할 사랑 함께할 운명
그댈 사랑합니다"
23,오라,홍지윤,"가라가라가라 휘익 가라
새로운 내 님 찾아서
산을 넘고 바다를 건너
오라 오라 오라 오라 사랑아 오라
돌고 돌아 가는 인생
내 님아 별거 있더냐
사랑이란 거짓말은
오늘 밤도 눈감으면 생각나
오라오라 내게 사랑아 오라
가라가라가라 쌔앵 가라
새로운 인생 찾아서
1막 넘고 2장을 건너
오라 오라 오라 오라 사랑아 오라
나란 여잔 쉬운 여자
절대로 아니랍니다
꽃보라가 펄렁펄렁
오늘 밤도 당신 모습 생각나
오라오라 내게 사랑아 오라
오라오라오라오라 오라
오라오라오라오라 오라
사랑아 오라
오라오라오라오라 오라
오라오라오라오라 오라
사랑아 오라 오라"
24,오세요,김태연,"단비로 꽃비로 와주실래요
오세요 오세요 안아주세요
민들레 피어난 사랑길 따라
나에게 오세요
제발 주세요 당신의 사랑주세요
하트를 곱게 접어 날려주세요
하늘로 훨훨 반딧불이 날아 훨훨
당신이 오실 길을 밝혀주네요
오늘은 만나려나 언제 쯤 만나려나
내게로 오는 날이
당신이 와줄 그 날이
단비로 꽃비로 와주실래요
오세요 오세요 안아주세요
민들레 피어난 사랑길 따라
나에게 오세요
어서 오세요 내 품에 들어오세요
외롭고 힘든 날에 날 보러와요
하루 지나도 천년이 지난 것처럼
애타는 이 내마음 그댄 알까요
오늘은 만나려나 언제 쯤 만나려나
내게로 오는 날이
당신이 와줄 그 날이
단비로 꽃비로 와주실래요
오세요 오세요 안아주세요
민들레 피어난 사랑길 따라
나에게 오세요
단비로 꽃비로 와주실래요
오세요 오세요 안아주세요
민들레 피어난 사랑길 따라
나에게 오세요
나에게 오세요"
25,만개 (Prod. 신지후),김호중,"나는 혼자서 피울 수 없어
발이 묶여진 채로
기약도 없는 하늘을 보며
매일 하루를 살아가
언젠가 피어나기 위해
좀 더 비쳐줘 더 내려줘
하루 빨리 나는 사랑받고 싶다
피어나면 금방 시들고
못난 모습인 채로
다시 죽어간다해도
난 후회가 없으리오
만개하라 흩날려라 흩어져라
나는 오늘도 피울 수 없는
나를 끌어안고서
차가웠었던 어둠 끝에서
너의 온기를 찾아가
언젠가 피어나기 위해
좀 더 비쳐줘 더 내려줘
하루 빨리 나는 사랑받고 싶다
피어나면 금방 시들고
못난 모습인 채로
다시 죽어간다해도
난 후회가 없으리오
시들어 가는 그 날 원망하지 않을 테니
날 피워도 돼 사랑해줘
하루 빨리 나는 사랑받고 싶다
너를 만나 내가 물들고
화려하게 핀 채로
멀리 날아간다 해도
난 후회가 없으리오
만개하라 흩날려라 흩어져가는구나"
26,목포행 완행열차,장윤정,"목포행 완행열차
마지막 기차 떠나가고
늦은 밤 홀로 외로이
한잔 술에 몸을 기댄다
우리의 사랑은 이제
여기까지가 끝인가요
우리의 짧은 인연도
여기까지가 끝인가요
잘가요 인사는 못해요
아직 미련이 남아서
언젠가 우리 다시 만나는 그날
그냥 편히 웃을 수 있게
우리의 사랑은 이제
여기까지가 끝인가요
우리의 짧은 인연도
여기까지가 끝인가요
잘가요 인사는 못해요
아직 미련이 남아서
언젠가 우리 다시 만나는 그날
그냥 편히 웃을 수 있게
그냥 편히 안을 수 있게"
27,오늘 밤에,홍진영,"오늘 밤에 아무도 모르게
너랑 둘이서 둘이서 사랑을 할거야
오늘 밤에 아무도 모르게
뚜뚜 뚜루 뚜뚜 뚜두르
이 밤이 무서워 난 네가 없으면
내 곁에 좀 더 머물러요
리듬 속 너와 내가 춤을 출 때면
그 순간이 행복할거야
Baby 너랑 나랑
우리 둘이 영원하도록
사랑의 맹세를 난 약속할거야
오늘 밤에 아무도 모르게
너랑 둘이서 둘이서 사랑을 할거야
오늘 밤에 아무도 모르게
둘이서 하는 불장난
후우 후우 후우
뚜뚜 뚜루 뚜뚜 뚜두르
사랑이 뭐냐고 물어보신다면
나의 대답은 말해 뭐해
불타는 마음으로 지켜줄거야
당신만이 곁에 있다면
Baby 너랑 나랑
우리 둘이 영원하도록
사랑의 맹세를 난 약속할거야
오늘 밤에 아무도 모르게
너랑 둘이서 둘이서 사랑을 할거야
오늘 밤에 아무도 모르게
뚜뚜 뚜루 뚜뚜 뚜두르
꿈이라면 깨지 않게 해줘
떠나가지마 가지마 가지마 가지마
오늘 밤에 아무도 모르게
둘이서 하는 불장난
후우 후우 후우
뚜뚜 뚜루 뚜뚜 뚜두르"
28,오래된 노래,임영웅,"오래 전에 함께 듣던 노래가
발걸음을 다시 멈춰서게 해
이 거리에서
너를 느낄 수 있어
널 이 곳에서
꼭 다시 만날 것 같아
너 일까봐 한번 더 바라보고
너 일까봐 자꾸 돌아보게 돼
어디선가 같은 노래를 듣고
날 생각하며
너 역시 멈춰있을까
오래 전에 함께 듣던 노래가
거리에서 내게
우연히 들려온 것처럼
살아가다 한번쯤
우연히 만날 것 같아
사랑했던 그 모습 그대로
내 사랑이
그대로인 것처럼
발걸음이 여길
찾는 것처럼
꼭 만날꺼야
지금 이 노래처럼
날 사랑하는 네 맘도
같을 테니까
오래 전에 함께 듣던 노래가
거리에서 내게
우연히 들려온 것처럼
살아가다 한번쯤
우연히 만날 것 같아
사랑했던 그 모습 그대로
운명처럼 아니면 우연처럼
우리가 다시 예전처럼
만날 수 있다면
너에게 나 해주고 싶은
말이 하나 있어
널 다시는 놓치지 않을께
오래 전에 함께 듣던 노래가
거리에서 내게
우연히 들려온 것처럼
살아가다 한번쯤
우연히 만날 것 같아
사랑했던 그 모습 그대로"
29,보라빛 엽서,임영웅,"보라빛 엽서에 실려온 향기는
당신의 눈물인가 이별의 마음인가
한숨속에 묻힌 사연 지워 보려 해도
떠나 버린 당신 마음 붙잡을 수 없네
오늘도 가버린 당신의 생각엔
눈물로 써 내려간 얼룩진 일기장엔
다시 못 올 그대 모습 기다리는 사연
오늘도 가버린 당신의 생각에
눈물로 써 내려간 얼룩진 일기장엔
다시 못 올 그대 모습 기다리는 사연
오늘도 가버린 당신의 생각에
눈물로 써 내려간 얼룩진 일기장엔
다시 못 올 그대 모습 기다리는 사연
다시 못 올 그대 모습 기다리는 사연"
30,배 띄워라 (송소희 Ver.),홍지윤,"배 띄워라 배 띄워라
아이야 벗님네야
배 띄워서 어서가자
배 띄워라 배 띄워라
아이야 벗님네야
배 띄워서 어서가자
동서남북 바람 불제
언제나 기다리나
술 익고 달이 뜨니
이때가 아니 드냐
배 띄워라
배 띄워라
아이야 벗님네야
배 띄워서 어서 가자
서럽다고 울지를 마랴
바람이 없으면 노를 젓고
바람이 불면 돛을 올려라
강 건너 벗님네들
앉아서 기다리랴
그리워 서럽다고 울지를 마랴
배 띄워라 배 띄워라
아이야 벗님네야
배 띄워서 어서가자
배 띄워라 배 띄워라"
31,옆집누나,장윤정,"옆집 누나랍니다
얼굴도 마음씨도 착한
알고 보면 정도 많고
귀여운 여자랍니다
울적하다면 와요
집에 놀러 와요
라면 끓여줄게요
고민 있다면 와요
소주 한잔하며
뭐든지 다 들어줄게
날 보러 와요
보고 싶을 땐
날 보러 와요
누나가 생각날 땐 언제든
옆집 누나랍니다
얼굴도 마음씨도 착한
알고 보면 정도 많고
귀여운 여자랍니다
어디 아프면 와요
누나 손은 약손
내가 호 해줄게요
외로울 때면 와요
아무 때나 좋아
내가 곁에 있어줄게
오오 날 보러 와요
보고 싶을 땐
오오 날 보러 와요
누나가 생각날 땐 언제든
옆집 누나랍니다
얼굴도 마음씨도 착한
알고 보면 정도 많고
귀여운 여자랍니다
이쁜 누나랍니다
볼수록 매력 있는 여자
성격 하난 끝내주는
옆집 누나랍니다
다 주고 싶어 모두 주고 싶어
당신 향한 내 마음
나에게 와요 오늘 밤에 와요
내가 안아줄게요
착한 누나랍니다
영원히 변치 않을 여자
당신만을 사랑하는
당신의 여자랍니다
옆집 누나랍니다"
32,진또배기,이찬원,"어 허야듸야 허야듸야
어 허야듸야 허야듸야
허야듸야
어촌마을 어귀에 서서
마을에 평안함을 기원하는
진또배기 진또배기 진또배기
오리 세마리 솟대에 앉아
물 불 바람을 막아주는
진또배기 진또배기 진또배기
모진 비바람을 견디며
바다의 심술을 막아주고
말없이 마을을 지켜온
진또배기 진또배기
어허 허야듸야
풍어와 풍년을 빌면서
일년내내 기원하는
진또배기 진또배기
진또배기 진또배기
어 허야듸야 허야듸야
허야듸야 허야듸야
배띄워라 노를 저어라
파도가 춤을 춘다 노래한다
진또배기 진또배기
진또배기 진또배기
어허 허야듸야
허야듸야 허야듸야 얼 쑤"
33,퇴근길,김호중,"오늘도 동료들과 한잔을 하며
고단한 하루의 시름을 턴다
해야 할 것들이 너무 많기에
반 잔 남기고 간다
나는 아직도 꿈이 있는데
저기 별처럼 빛이 나는데
발끝에 걸리는 그림자 하나
문득 서러워
루루루 루루루 눈물이 난다
아마 이건 술김일 거야
하나씩 켜져 가는 가로등 불빛
저마다 집으로 돌아가는 길
누구는 별 아래 집을 나서며
세상 틈을 채운다
나는 아직도 꿈이 있는데
저기 별처럼 빛이 나는데
발끝에 걸리는 그림자 하나
문득 서러워
가야 할 길은 멀기만 하고
이 길의 끝은 보이지 않아
발끝에 걸리는 그림자 하나
문득 서러워
루루루 루루루 눈물이 난다
아마 이건 술김일 거야
내일이면 괜찮을 거야"
34,초혼,장윤정,"살아서는 갖지 못하는
그런 이름 하나 때문에
그리운 맘 눈물 속에
난 띄워 보낼 뿐이죠
스치듯 보낼 사람이
어쩌다 내게 들어와
장미의 가시로 남아서
날 아프게 지켜보네요
따라가면 만날 수 있나
멀고 먼 세상 끝까지
그대라면 어디라도
난 그저 행복할 테니

살아서는 갖지 못하는
그런 이름 하나 때문에
그리운 맘 눈물 속에
난 띄워 보낼 뿐이죠
스치듯 보낼 사람이
어쩌다 내게 들어와
장미의 가시로 남아서
날 아프게 지켜보네요
따라가면 만날 수 있나
멀고 먼 세상 끝까지
그대라면 어디라도
난 그저 행복할 테니
난 너무 행복할 테니"
35,할무니,김호중,"비가 오면 우산 들고
마중 나와 주시고
눈이 오면 넘어질까 걱정을 하시네
사랑으로 안아주고 기죽을까 감싸며
울 엄마의 빈자리를 채워주신 할무니
엄마 얼굴 그리려다
너무 생각이 안 나
동그라미 하나만을 그려놓고 잠든 밤
나도 나도 나도
니 어미가 보고 싶다며
내 손 잡고 몰래 우시던 사랑해요
우리 할무니
엄마 얼굴 그리려다
너무 생각이 안 나
동그라미 하나만을 그려놓고 잠든 밤
나도 나도 나도
니 어미가 보고 싶다며
내 손 잡고 몰래 우시던 사랑해요
우리 할무니
사랑해요 우리 할무니"
36,사모곡,양지은,"앞산 노을 질때까지
호미자루 벗을 삼아
화전밭 일구시고 흙에 살던 어머니
땀에 찌든 삼베 적삼
기워 입고 살으시다
소쩍새 울음 따라 하늘 가신 어머님
그 모습 그리워서
이 한밤을 지샙니다
무명 치마 졸라 매고
새벽 이슬 맞으시며
한평생 모진 가난 참아 내신 어머니
자나 깨나 자식 위해
신령님전 빌고 빌며
학처럼 선녀처럼 살다가신 어머님
이제는 눈물 말고
그 무엇을 바치리까
자나 깨나 자식 위해
신령님전 빌고 빌며
학처럼 선녀처럼 살다가신 어머님
이제는 눈물 말고
그 무엇을 바치리까
이제는 눈물 말고
그 무엇을 바치리까
무엇을 바치리까"
37,"애인이 되어줄게요 (Prod. 알고보니, 혼수상태)",김호중,"누가누가 당신 맘을 외롭게 합니까
누가누가 당신 맘에 눈물을 주나요
바람결에 떨어지는 꽃잎이
여자의 마음인가요
내 품에 안겨 걱정을 말아요
영원히 지켜줄게요
애인이 되어줄게요
애인이 되어줄게요
내가내가 잘해줄게요
사랑이 되어줄게요
사랑이 되어주세요
내가 당신 애인이 되어줄게요
사연 없는 사람 있나 아픔이 없을까
우연처럼 만나는 게 사랑이란 것을
반했어요 마음을 열어요
놓치면 후회할 거야
내 품에 안겨 걱정을 말아요
영원히 지켜줄게요
애인이 되어줄게요
애인이 되어줄게요
내가내가 잘해줄게요
사랑이 되어줄게요
사랑이 되어주세요
내가 당신 애인이 되어줄게요
내가 당신 애인이 되어줄게요"
38,인연이라 슬펐노라,김다현,"서럽기도 해요
겨울 밤 너무 길어서
그립기도 해요
눈꽃이 너와 닮아서
눈감는 순간
잊을수 없을 거예요
돌고 도는 인생
언젠가 스칠 테니까
내 가슴 도려내듯 뒤돌아 가나요
이제는 난 아닌가요
살아서는 내것이 아닌
무로 돌아갈 인생
가지말라고 떠나지 말라고
부질없는 그바램
겨울이 봄이 되듯 되돌아 오나요
여기서 난 기다려요
무지렁이한 세상 살다
우연히 누린 행복
어여가라고 이젠 괜찮다고
행복했어 충분히
목 놓아 울던 모습 이제 잊어요
정처 없는 삶의 끝에 만날테니까
살아서는 내것이 아닌
무로 돌아갈 인생
가지말라고 떠나지말라고
부질없는 그바램"
39,나만의 길 (My Way),김호중,"저 강물을 따라 흐르는 꽃잎들처럼
어제 꿈에 보았던 곳 닿을 수만 있다면
또 눈을 감는다 무엇을 기도하는가
저기 울리는 종소리 마음 흔들리지만
가야 할 나만의 길이 있어
가슴에 묻어둔다 이 외로움
먼 훗날 깊어진 강물 위에
담대한 나의 꿈을 띄우리라
가야 할 나만의 길이 있어
가슴에 묻어둔다 이 외로움
먼 훗날 깊어진 강물 위에
담대한 나의 꿈을 띄우리라 my way"
40,망부석,홍지윤,"간밤에 울던 제비
날이 밝아 찾아보니
처마 끝엔 빈 둥지만이
구구 만리 머나먼 길
다시 오마 찾아 가나
저 하늘에 가물거리네
에헤야 날아라
헤이야 꿈이여
그리운 내 님 계신 곳에
푸른 하늘의 구름도
둥실 둥실 떠가네
높고 높은 저 산 너머로
내 꿈마저 떠가라 두리둥실 떠가라
오매불망 내 님에게로
얼씨구 좋다
깊은 밤 잠 못이뤄
창문 열고 밖을 보니
초생달만 외로이 떴네
멀리 떠난 내 님 소식
그 언제나 오시려나
가슴 조여 기다려지네
에헤야 날아라
헤이야 꿈이여
그리운 내 님 계신 곳에
달 아래 구름도 둥실둥실 떠가네
높고 높은 저 산 너머로
내 꿈마저 떠가라 두리둥실 떠가라
오매불망 내 님에게로
내 꿈마저 떠가라 두리둥실 떠가라
오매불망 내 님에게로
오매불망 내 님에게로
오매불망 내 님에게로"
41,티키타카,은가은,"주거니 받거니 하는 맛인데
퍼 주다가 시간 가네
맘에 없는 리액션
멀어진 맘 다 보여요
주거니 받거니 했던 사랑도
다음 주면 마지막 회
돌고 도는 사랑아
이번엔 또 누굴까요
내 남은 사랑을 태워도
시소는 한쪽에 기울어
맞추고 맞춰도 안 되면
도대체 어쩌라고
주면 떠난 사랑
어떻게 하나같이 똑같은 남자
주고 받는 사랑
이제는 그런 사랑 하고 싶어요
티키타카
티키타카
티키타카
주거니 받거니 했던 사랑이
종점역에 다 와가요
제가 먼저 내려요
환승 버스 기다려요
내 남은 사랑을 태워도
시소는 한쪽에 기울어
맞추고 맞춰도 안 되면
도대체 어쩌라고
주면 떠난 사랑
어떻게 하나같이 똑같은 남자
주고 받는 사랑
이제는 그런 사랑 하고 싶어요
내가 주기만 해도
내가 바라만 봐도
한걸음 두걸음 맞춰갈
그런 사랑 기다려요
티키타카
티키타카
티키타카"
42,빙빙빙,양지은,"바람이 불면 바람을 타고
빙빙빙 돌아올 거야
당신은 내 사랑
나는 나는 나는 나는 잊을 수 없어
스쳐 지나간
지난 일들을
차창 가에 날려버리고
먼 길을 돌아 먼 길을 돌아
돌아올 거야
빙빙빙 돌아 올거야
그대의 향기 바람을 타고
솔솔솔 불어올 거야
손가락 걸며 맹세한
나를 나를 나를 나를 잊어버렸나
함께 웃었고 함께 울었던
그 세월이 너무 정다워
먼 길을 돌아 먼 길을 돌아
돌아올 거야
빙빙빙 돌아올 거야
먼 길을 돌아 먼 길을 돌아
돌아올 거야
내 사랑 돌아올 거야"
43,엄마아리랑,홍지윤,"엄마아리랑 아리랑
아리아리랑 아라리요
우리 엄마 무병장수
정성으로 기원하오
엄마 아리랑
사랑하는 내 어머니
보고싶소 울 어머니
서산마루 해가 지고 달이 뜨는구나
아 리 랑 아 리 랑
사랑 음 사랑 음 엄마 아리랑
아리아리랑 아라리요
쓰리쓰리랑 아라리요
우리 엄마 사랑은 아리랑
엄마 아리랑
아 리 랑 아 리 랑
사랑 음 사랑 음
엄마 엄마
우리 어머니 아 리 랑
에야디야 에헤라디야디야
에야디야 에헤라디야디야
에야디야 에헤라디야디야
엄마 아리랑"
44,꽃바람,홍지윤,"아 바람 불면
꽃바람이 살랑살랑
꿈에서도 그리던
님이 찾아 오려나
두근두근 설레는 가슴
나만을 사랑해 영원히 사랑해
그 한마디 남기고 떠난 사람
버들피리 불던 내 고향
시냇가에 무지개 뜨면
징검다리 건너서
님이 돌아온다고
두근두근 설레는 가슴
아 꽃비 내리면
봄바람이 산들 산들
꿈에서도 그리던
님이 찾아 오려나
두근두근 설레는 가슴
나만을 사랑해 영원히 사랑해
그 한마디 남기고 떠난 사람
하모니카 불던 내 고향
뒷동산에 보름달이 뜨면
산모퉁이 돌아서
님이 돌아온다고
두근두근 설레는 가슴
산모퉁이 돌아서
님이 돌아온다고
두근두근 설레는 가슴"
45,아버지의 강,김태연,"아 저녁바람에 억새 울고
강 기슭에 물새 울면
어디선가 들려오는
아버지의 뱃노래
사랑 하나로 날 키우시고
뱃노래 불러 날 재우셨던
아 아버지 불러봐도 대답 없이
흐르는 저 강은
아버지의 강이여
저 강 건너 나룻터에
물새 한 마리 슬피 울면
강바람에 검게 타신
아버지가 그리워
사랑 하나로 날 키우시고
뱃노래 불러 날 재우셨던
아 아버지 불러봐도 대답 없이
흐르는 저 강은
아버지의 강이여
아 아버지 불러봐도 대답 없이
흐르는 저 강은
아버지의 강이여
아버지의 강이여"
46,여백,정동원,"얼굴이 잘생긴 사람은
늙어 가는 게 슬프겠지
아무리 화려한 옷을 입어도
저녁이면 벗게 되니까
내 손에 주름이 있는 건
길고 긴 내 인생에 훈장이고
마음에 주름이 있는 건
버리지 못한 욕심에 흔적
청춘은 붉은 색도 아니고
사랑은 핑크빛도 아니더라
마음에 따라서 변하는
욕심 속 물감의 장난이지
그게 인생인거야
전화기 충전은 잘 하면서
내 삶은 충전하지 못하고 사네
마음에 여백이 없어서
인생을 쫓기듯 그렸네
청춘은 붉은 색도 아니고
사랑은 핑크빛도 아니더라
마음에 따라서 변하는
욕심 속 물감의 장난이지
그게 인생인거야
전화기 충전은 잘 하면서
내 삶은 충전하지 못하고 사네
마음에 여백이 없어서
인생을 쫓기듯 그렸네
마지막 남은 나의 인생은
아름답게 피우리라"
47,이불,영탁,"도닥도닥 내 사람아
오늘 하루 어찌 보냈소
걸음걸음 걸음걸음이
힘겨웠다 말도 못 하고
찬비 맞아 시려운
달빛마저 무거운
그저 몸을 뉘고 싶을 때
나는 그대 이불이 되어
아픈 마음 덮어 주겠소
이젠 나의 품에 안기어
좋은 꿈만 꾸길 바라오
도닥도닥 내 사람아
고운 꿈만 꾸길 바라오
이리저리 부는 바람에
휘청이며 걸어왔구려
그대 혼자 외로이
어둔 밤에 쓸쓸히
눈물 속에 잠을 청할 때
나는 그대 이불이 되어
아픈 마음 덮어 주겠소
이젠 나의 품에 안기어
좋은 꿈만 꾸길 바라오
나의 품에 안기어
고운 꿈만 꾸길
바라오
도닥도닥 내 사람아
당신 옆엔 내가 있다오"
48,한잔해,박군,"한잔해 한잔해 한잔해
갈때까지 달려보자 한잔해
오늘밤 너와 내가 하나되어
달려 달려 달려 달려
한잔해 한잔해 한잔해
갈때까지 달려보자 한잔해
내가 쏜다 한잔해
월요일은 원래 먹는 날
화요일은 화가 나니까
숙취에 한잔
목이 말라 한잔
금요일은 불금 이니까
밤새도록 한잔 어때요
한잔해 한잔해 한잔해
갈때까지 달려보자 한잔해
오늘밤 너와 내가 하나되어
달려 달려 달려 달려
한잔해 두잔해 세잔해
갈때까지 달려보자 한잔해
내가 쏜다 한잔해
삼겹살에 한잔 때리자
치킨에다 한잔 때리자
두부김치 해물파전
시원한 한잔 주세요
밤새도록 한잔 어때요
한잔해 한잔해 한잔해
갈때까지 달려보자 한잔해
오늘밤 너와 내가 하나되어
달려 달려 달려 달려
한잔해 두잔해 세잔해
갈때까지 달려보자 한잔해
내가 쏜다 한잔해
한잔해 한잔해 한잔해
갈때까지 달려보자 한잔해
오늘밤 너와 내가 하나되어
달려 달려 달려 달려
한잔해 두잔해 세잔해
갈때까지 달려보자 한잔해
내가 쏜다 한잔해"
49,아모르 파티,김연자,"산다는게 다 그런거지
누구나 빈손으로와
소설같은 한 편의 얘기들을
세상에 뿌리며 살지
자신에게 실망 하지마
모든걸 잘할 순 없어
오늘보다 더 나은 내일이면 돼
인생은 지금이야 아모르파티
인생이란 붓을 들고서
무엇을 그려야 할지
고민하고 방황하던
시간이 없다면 거짓말이지
말해뭐해 쏜 화살처럼
사랑도 지나 갔지만
그 추억들 눈이 부시면서도
슬펐던 행복이여
나이는 숫자 마음이
진짜 가슴이 뛰는 대로 가면돼
이제는 더이상 슬픔이여 안녕
왔다갈 한번의 인생아
연애는 필수 결혼은 선택
가슴이 뛰는대로 가면 돼
눈물은 이별의 거품일 뿐이야
다가올 사랑은 두렵지 않아
아모르 파티 아모르파티
말해뭐해 쏜 화살처럼
사랑도 지나 갔지만
그 추억들 눈이 부시면서도
슬펐던 행복이여
나이는 숫자 마음이
진짜 가슴이 뛰는 대로 가면돼
이제는 더이상 슬픔이여 안녕
왔다갈 한번의 인생아
연애는 필수 결혼은 선택
가슴이 뛰는대로 가면 돼
눈물은 이별의 거품일 뿐이야
다가올 사랑은 두렵지 않아
아모르 파티 아모르파티
아모르 파티"
50,바람의 노래,은가은,"살면서 듣게 될까
언젠가는 바람의 노래를
세월 가면 그때는 알게 될까
꽃이 지는 이유를
나를 떠난 사람들과
만나게 될 또 다른 사람들
스쳐가는 인연과 그리움은
어느 곳으로 가는가
나의 작은 지혜로는 알 수가 없네
내가 아는 건 살아가는 방법뿐이야
보다 많은 실패와 고뇌의 시간이
비켜갈 수 없다는 걸 우린 깨달았네
이제 그 해답이 사랑이라면
나는 이 세상
모든 것들을 사랑하겠네
나를 떠난 사람들과
만나게 될 또 다른 사람들
스쳐 가는 인연과 그리움은
어느 곳으로 가는가
나의 작은 지혜로는 알 수가 없네
내가 아는 건 살아가는 방법뿐이야
보다 많은 실패와 고뇌의 시간이
비켜갈 수 없다는 걸 우린 깨달았네
이제 그 해답이 사랑이라면
나는 이 세상
모든 것들을 사랑하겠네
보다 많은 실패와 고뇌의 시간이
보다 많은 실패와 고뇌의 시간이
비켜갈 수 없다는 걸 우린 깨달았네
이제 그 해답이 사랑이라면
나는 이 세상
모든 것들을 사랑하겠네
나는 이 세상
모든 것들을 사랑하겠네
나는 이 세상
모든 것들을 사랑하겠네"